Tlayuda,Cabbage,Refried_beans,Meat,Lettuce,Lard,Avocado,Beef_tenderloin,Salsa_(sauce),Tortilla,Oaxaca_cheese,?,?,?,?,?,?,America
Coconut_cake,Coconut,Icing_(food),?,?,?,?,?,?,?,?,?,?,?,?,?,?,America
Grape_pie,Concord_(grape),?,?,?,?,?,?,?,?,?,?,?,?,?,?,?,America
Maria-mole,Coconut,Gelatin,Sugar,Egg_white,?,?,?,?,?,?,?,?,?,?,?,?,America
Dutchie_(doughnut),Sugar,Raisin,?,?,?,?,?,?,?,?,?,?,?,?,?,?,America
Italian_beef,Roast_beef,List_of_Italian_dishes,?,?,?,?,?,?,?,?,?,?,?,?,?,?,America
Moqueca,Seafood,Coriander,Garlic,Onion,Tomato,Fish_as_food,?,?,?,?,?,?,?,?,?,?,America
Cioppino,Clam,Mussel,Scallop,Shrimp,Seafood,Squid,Wine,Tomato,Fish,?,?,?,?,?,?,?,America
Date_shake,Date_palm,Ice_cream,?,?,?,?,?,?,?,?,?,?,?,?,?,?,America
Half-smoke,Beef,Pork,?,?,?,?,?,?,?,?,?,?,?,?,?,?,America
Peeps,Corn_syrup,Gelatin,Sugar,?,?,?,?,?,?,?,?,?,?,?,?,?,America
Blue_cheese_dressing,Mayonnaise,Yogurt,Onion_powder,Milk,Vinegar,Garlic_powder,Blue_cheese,Sour_cream,?,?,?,?,?,?,?,?,America
Pistolette,Meat,Seafood,Bread_roll,?,?,?,?,?,?,?,?,?,?,?,?,?,America
Cuban_espresso,Espresso,Brown_sugar,?,?,?,?,?,?,?,?,?,?,?,?,?,?,America
Bumbleberry_pie,Berry,?,?,?,?,?,?,?,?,?,?,?,?,?,?,?,America
Red_slaw,Cabbage,Ketchup,Vinegar,?,?,?,?,?,?,?,?,?,?,?,?,?,America
Beaten_biscuit,Flour,Sugar,Lard,?,?,?,?,?,?,?,?,?,?,?,?,?,America
Grater_cake,Coconut,Sugar,?,?,?,?,?,?,?,?,?,?,?,?,?,?,America
Melt_sandwich,Tuna,Ham,Cheese,Bread,Steak_sandwich,Chicken_sandwich,Patty,Turkey_meat,?,?,?,?,?,?,?,?,America
Key_lime_pie,Shortcrust_pastry,Condensed_milk,Key_lime,Yolk,?,?,?,?,?,?,?,?,?,?,?,?,America
Pilgrim_(sandwich),Bread,Bread_roll,?,?,?,?,?,?,?,?,?,?,?,?,?,?,America
Lane_cake,Coconut,Bourbon_whiskey,Pecan,Raisin,Sponge_cake,Candied_fruit,?,?,?,?,?,?,?,?,?,?,America
She-crab_soup,Crab,Sherry,Cream,Milk,Fish_stock_(food),Callinectes_sapidus,?,?,?,?,?,?,?,?,?,?,America
Pantruca,Flour,Water,Oil,?,?,?,?,?,?,?,?,?,?,?,?,?,America
Crab_puff,Crab_meat,?,?,?,?,?,?,?,?,?,?,?,?,?,?,?,America
Steak_Diane,Beefsteak,?,?,?,?,?,?,?,?,?,?,?,?,?,?,?,America
New_Haven-style_pizza,Pecorino_Romano,Tomato_sauce,?,?,?,?,?,?,?,?,?,?,?,?,?,?,America
Gerber_sandwich,Provel_cheese,Provolone,Ham,Paprika,?,?,?,?,?,?,?,?,?,?,?,?,America
Sloosh,Bacon,Water,Lard,Egg_(food),Cornmeal,?,?,?,?,?,?,?,?,?,?,?,America
Cocoa_Puffs,Canola,Corn_syrup,Sugar,Maize,Cocoa_solids,Cornmeal,Rice_bran_oil,?,?,?,?,?,?,?,?,?,America
Curanto,Shellfish,Meat,Potato,?,?,?,?,?,?,?,?,?,?,?,?,?,America
Completo,Mayonnaise,Sausage,Sauerkraut,Bread,Tomato,Avocado,?,?,?,?,?,?,?,?,?,?,America
Senate_bean_soup,Mashed_potato,Ham_hock,Navy_bean,?,?,?,?,?,?,?,?,?,?,?,?,?,America
Yaka_mein,Brisket,Scallion,Spaghetti,Broth,?,?,?,?,?,?,?,?,?,?,?,?,America
St._Paul_sandwich,Mayonnaise,White_bread,Lettuce,Tomato,Egg_foo_young,Pickled_cucumber,White_onion,?,?,?,?,?,?,?,?,?,America
French_dip,Baguette,Roast_beef,Au_jus,?,?,?,?,?,?,?,?,?,?,?,?,?,America
Brigadeiro,Butter,Condensed_milk,Chocolate_powder,?,?,?,?,?,?,?,?,?,?,?,?,?,America
Hot_Brown,Bacon,Mornay_sauce,Turkey_meat,?,?,?,?,?,?,?,?,?,?,?,?,?,America
Porotos_con_rienda,Spaghetti,Phaseolus_vulgaris,?,?,?,?,?,?,?,?,?,?,?,?,?,?,America
Chancaca,Honey,Sugar,Zest_(ingredient),?,?,?,?,?,?,?,?,?,?,?,?,?,America
Maple_sugar,Plant_sap,?,?,?,?,?,?,?,?,?,?,?,?,?,?,?,America
Brunswick_stew,Meat,Maize,Okra,Tomato,Phaseolus_lunatus,Vegetable,?,?,?,?,?,?,?,?,?,?,America
Ice_cream_soda,Ice_cream,Syrup,Soft_drink,Carbonated_water,?,?,?,?,?,?,?,?,?,?,?,?,America
Burgoo,Meat,Lamb_and_mutton,Chicken_(food),?,?,?,?,?,?,?,?,?,?,?,?,?,America
Crawfish_pie,Crayfish_as_food,?,?,?,?,?,?,?,?,?,?,?,?,?,?,?,America
Booyah_(stew),Seasoning,Meat,Celery,Potato,Pork,Rutabaga,Chicken_(food),Vegetable,?,?,?,?,?,?,?,?,America
Maple_leaf_cream_cookies,Maple_syrup,?,?,?,?,?,?,?,?,?,?,?,?,?,?,?,America
Tepache,Pineapple,Panela,?,?,?,?,?,?,?,?,?,?,?,?,?,?,America
Coconut_candy,Coconut,?,?,?,?,?,?,?,?,?,?,?,?,?,?,?,America
Chimichanga,Cheese,Rice,Tortilla,Adobada,Machaca,?,?,?,?,?,?,?,?,?,?,?,America
Solomon_Gundy,Chili_pepper,Mackerel,Alosinae,Smoked_fish,?,?,?,?,?,?,?,?,?,?,?,?,America
Cracker_(food),Flour,Water,?,?,?,?,?,?,?,?,?,?,?,?,?,?,America
Sweet_potato_pie,Milk,Sugar,Sweet_potato,Egg_(food),?,?,?,?,?,?,?,?,?,?,?,?,America
Bourbon_chicken,Chicken,?,?,?,?,?,?,?,?,?,?,?,?,?,?,?,America
Chicken_and_dumplings,Flour,Shortening,Chicken_(food),?,?,?,?,?,?,?,?,?,?,?,?,?,America
Carne_asada_fries,Guacamole,French_fries,Cheese,Carne_asada,Sour_cream,?,?,?,?,?,?,?,?,?,?,?,America
Memela,Masa,?,?,?,?,?,?,?,?,?,?,?,?,?,?,?,America
Burrito,Refried_beans,Meat,Tortilla,?,?,?,?,?,?,?,?,?,?,?,?,?,America
Ranch_dressing,Garlic,Onion,Herb,Buttermilk,?,?,?,?,?,?,?,?,?,?,?,?,America
Shoofly_pie,Molasses,?,?,?,?,?,?,?,?,?,?,?,?,?,?,?,America
Coconut_doughnut,Coconut,Doughnut,?,?,?,?,?,?,?,?,?,?,?,?,?,?,America
Maple_liqueur,Maple_syrup,?,?,?,?,?,?,?,?,?,?,?,?,?,?,?,America
Michigan_salad,Cranberry,Pecan,Dried_fruit,Blue_cheese,Vinaigrette,Walnut,?,?,?,?,?,?,?,?,?,?,America
Tortilla_chip,Water,Salt,Tortilla,Vegetable_oil,?,?,?,?,?,?,?,?,?,?,?,?,America
Club_sandwich,Bacon,Mayonnaise,Bread,Lettuce,Tomato,Turkey_meat,?,?,?,?,?,?,?,?,?,?,America
Catfish_stew,Catfish,Hot_sauce,Tabasco_sauce,Onion,Potato,Tomato,?,?,?,?,?,?,?,?,?,?,America
Hot_milk_cake,Flour,Milk,Egg_(food),?,?,?,?,?,?,?,?,?,?,?,?,?,America
Bananas_Foster,Butter,Cinnamon,Banana,Liqueur,Vanilla,Brown_sugar,Rum,?,?,?,?,?,?,?,?,?,America
Butter_tart,Butter,Sugar,Raisin,Egg_(food),?,?,?,?,?,?,?,?,?,?,?,?,America
Red_velvet_cake,Butter,Flour,Sugar,Vanilla,Beetroot,Cream_cheese,Food_coloring,Cocoa_solids,Buttermilk,?,?,?,?,?,?,?,America
Scali_bread,Flour,Water,Yeast,Sesame,?,?,?,?,?,?,?,?,?,?,?,?,America
Crudos,Mayonnaise,Yogurt,Bread,Onion,Wikt:raw,?,?,?,?,?,?,?,?,?,?,?,America
Jucy_Lucy,Hamburger,Cheese,?,?,?,?,?,?,?,?,?,?,?,?,?,?,America
Quad_City-style_pizza,Cheese,Malt,Tomato_sauce,?,?,?,?,?,?,?,?,?,?,?,?,?,America
Barros_Luco,Cheese,Beef,?,?,?,?,?,?,?,?,?,?,?,?,?,?,America
Caldo_de_pollo,Chicken_(food),Vegetable,?,?,?,?,?,?,?,?,?,?,?,?,?,?,America
Cheese_dog,Cheese,Processed_cheese,Hot_dog,?,?,?,?,?,?,?,?,?,?,?,?,?,America
German_chocolate_cake,Coconut,Pecan,Icing_(food),Evaporated_milk,Chocolate_cake,?,?,?,?,?,?,?,?,?,?,?,America
Alambre,Bell_pepper,Cheese,Meat,Onion,Pork,?,?,?,?,?,?,?,?,?,?,?,America
Corn_soup,Maize,Broth,?,?,?,?,?,?,?,?,?,?,?,?,?,?,America
Cottage_Pudding,Custard,?,?,?,?,?,?,?,?,?,?,?,?,?,?,?,America
Flipper_pie,Harp_seal,?,?,?,?,?,?,?,?,?,?,?,?,?,?,?,America
Fried-brain_sandwich,Sliced_bread,Beef_brain,?,?,?,?,?,?,?,?,?,?,?,?,?,?,America
Snickers_salad,Whipped_cream,Granny_Smith,Snickers,?,?,?,?,?,?,?,?,?,?,?,?,?,America
Oysters_en_brochette,Bacon,Oyster,?,?,?,?,?,?,?,?,?,?,?,?,?,?,America
Guasanas,Water,Chickpea,Salt,?,?,?,?,?,?,?,?,?,?,?,?,?,America
Sonofabitch_stew,Offal,Beef,?,?,?,?,?,?,?,?,?,?,?,?,?,?,America
Cranberry_sauce,Cranberry,Sugar,Water,?,?,?,?,?,?,?,?,?,?,?,?,?,America
Banana_pudding,Custard,Cookie,Banana,Vanilla,Ladyfinger_(biscuit),?,?,?,?,?,?,?,?,?,?,?,America
Lemon_ice_box_pie,Butter,Condensed_milk,Egg_(food),Graham_cracker,Lemon,?,?,?,?,?,?,?,?,?,?,?,America
Empalme_(food),Refried_beans,Lard,Salsa_(sauce),Tortilla,?,?,?,?,?,?,?,?,?,?,?,?,America
Nicuatole,Sugar,Maize,?,?,?,?,?,?,?,?,?,?,?,?,?,?,America
Danger_dog,Bacon,Hot_sauce,Onion,Hot_dog_bun,Hot_dog,?,?,?,?,?,?,?,?,?,?,?,America
Mannish_water,Banana,Potato,Dumpling,Yam_(vegetable),Vegetable,Goat,?,?,?,?,?,?,?,?,?,?,America
Graham_cracker,Graham_flour,?,?,?,?,?,?,?,?,?,?,?,?,?,?,?,America
Monte_Cristo_sandwich,Ham,Cheese,Bread,Batter_(cooking),Gruyère_cheese,?,?,?,?,?,?,?,?,?,?,?,America
Chili_dog,Hot_sauce,Cheese,Onion,Hot_dog_bun,Chili_con_carne,Mustard_(condiment),Hot_dog,?,?,?,?,?,?,?,?,?,America
Slugburger,Soybean,?,?,?,?,?,?,?,?,?,?,?,?,?,?,?,America
Bundt_cake,Flour,Sugar,Egg_(food),?,?,?,?,?,?,?,?,?,?,?,?,?,America
Black_and_white_cookie,Shortbread,Fondant_icing,?,?,?,?,?,?,?,?,?,?,?,?,?,?,America
Candle_salad,Cherry,Mayonnaise,Pineapple,Banana,Lettuce,Cottage_cheese,?,?,?,?,?,?,?,?,?,?,America
Chili_con_carne,Chili_pepper,Bean,Meat,Tomato,?,?,?,?,?,?,?,?,?,?,?,?,America
Gooey_butter_cake,Butter,Sugar,Egg_(food),Powdered_sugar,Wheat_flour,?,?,?,?,?,?,?,?,?,?,?,America
Fools_Gold_Loaf,Bacon,Peanut_butter,Fruit_preserves,?,?,?,?,?,?,?,?,?,?,?,?,?,America
Rappie_pie,Meat,Seafood,Onion,Potato,Pork,Broth,?,?,?,?,?,?,?,?,?,?,America
Natchitoches_meat_pie,Capsicum,Beef,Garlic,Onion,Pork,Oil,?,?,?,?,?,?,?,?,?,?,America
Nachos,Processed_cheese,Tortilla_chip,Salsa_(sauce),Grated_cheese,?,?,?,?,?,?,?,?,?,?,?,?,America
Machas_a_la_parmesana,Parmigiano-Reggiano,?,?,?,?,?,?,?,?,?,?,?,?,?,?,?,America
St._Louis-style_pizza,Provel_cheese,Tomato_sauce,?,?,?,?,?,?,?,?,?,?,?,?,?,?,America
Maple_bacon_donut,Bacon,Maple_syrup,Dough,?,?,?,?,?,?,?,?,?,?,?,?,?,America
Beef_on_weck,Roast_beef,Horseradish,Au_jus,Kaiser_roll,?,?,?,?,?,?,?,?,?,?,?,?,America
Murta_con_membrillo,Sugar,Quince,?,?,?,?,?,?,?,?,?,?,?,?,?,?,America
Cobb_salad,Bacon,Chives,Endive,Lettuce,Tomato,Roquefort,Avocado,Egg_(food),Vinaigrette,Romaine_lettuce,Chicken_(food),Watercress,?,?,?,?,America
Cobbler_(food),Pie,Biscuit_(bread),Batter_(cooking),?,?,?,?,?,?,?,?,?,?,?,?,?,America
Milcao,Potatoes_of_Chiloé,Lard,Salt,Vegetable_oil,?,?,?,?,?,?,?,?,?,?,?,?,America
Peanut_butter_cookie,Peanut_butter,?,?,?,?,?,?,?,?,?,?,?,?,?,?,?,America
Manjar_branco,Coconut,?,?,?,?,?,?,?,?,?,?,?,?,?,?,?,America
Beer_cheese_(spread),Cayenne_pepper,Beer,Cheddar_cheese,Spice,Garlic,Horseradish,Processed_cheese,?,?,?,?,?,?,?,?,?,America
Peameal_bacon,Bacon,?,?,?,?,?,?,?,?,?,?,?,?,?,?,?,America
Slider_(sandwich),Hamburger,Bun,?,?,?,?,?,?,?,?,?,?,?,?,?,?,America
Chow_mein_sandwich,Hamburger,Chow_mein,?,?,?,?,?,?,?,?,?,?,?,?,?,?,America
Creamed_corn,Maize,?,?,?,?,?,?,?,?,?,?,?,?,?,?,?,America
Chapalele,Potato,Wheat_flour,?,?,?,?,?,?,?,?,?,?,?,?,?,?,America
Pork_tenderloin_sandwich,Breaded_cutlet,?,?,?,?,?,?,?,?,?,?,?,?,?,?,?,America
Tomato_pie,Tomato_sauce,Romano_cheese,Focaccia,?,?,?,?,?,?,?,?,?,?,?,?,?,America
Chantilly_cake,Butter,Sugar,Vanilla_extract,Chocolate_cake,Yolk,?,?,?,?,?,?,?,?,?,?,?,America
American_chop_suey,Macaroni,Ground_beef,?,?,?,?,?,?,?,?,?,?,?,?,?,?,America
Chocolate_chip,Chocolate,?,?,?,?,?,?,?,?,?,?,?,?,?,?,?,America
Seattle-style_hot_dog,Hot_dog_bun,Cream_cheese,Hot_dog,?,?,?,?,?,?,?,?,?,?,?,?,?,America
Sundae,Ice_cream,?,?,?,?,?,?,?,?,?,?,?,?,?,?,?,America
Gordita,Corn_tortilla,Stew,Salsa_(sauce),?,?,?,?,?,?,?,?,?,?,?,?,?,America
Candy_apple,Sugar,Toffee,Apple,?,?,?,?,?,?,?,?,?,?,?,?,?,America
Grooms_cake,Chocolate,Fruit,?,?,?,?,?,?,?,?,?,?,?,?,?,?,America
Olho-de-sogra,Coconut,Plum,Condensed_milk,Sugar,Yolk,?,?,?,?,?,?,?,?,?,?,?,America
Panocha,Wheat_flour,Panela,?,?,?,?,?,?,?,?,?,?,?,?,?,?,America
Carolina_style,Onion,Coleslaw,Chili_con_carne,?,?,?,?,?,?,?,?,?,?,?,?,?,America
Pozole,Chili_pepper,Seasoning,Hominy,Meat,?,?,?,?,?,?,?,?,?,?,?,?,America
Potato_skins,Potato,?,?,?,?,?,?,?,?,?,?,?,?,?,?,?,America
Jello_salad,Fruit,Gelatin,Carrot,?,?,?,?,?,?,?,?,?,?,?,?,?,America
Caldo_de_siete_mares,Seafood,Tomato,Fish_as_food,Chicken_(food),?,?,?,?,?,?,?,?,?,?,?,?,America
Bammy,Cassava,?,?,?,?,?,?,?,?,?,?,?,?,?,?,?,America
Collard_liquor,Turnip,Pork,Turkey,Leaf_vegetable,Mustard_plant,?,?,?,?,?,?,?,?,?,?,?,America
Cuban_sandwich,Salami,Ham,Swiss_cheese,Pork,Mustard_(condiment),Pickled_cucumber,Cuban_bread,?,?,?,?,?,?,?,?,?,America
Sour_cream_doughnut,Sour_cream,?,?,?,?,?,?,?,?,?,?,?,?,?,?,?,America
Prawn_soup,Prawn,?,?,?,?,?,?,?,?,?,?,?,?,?,?,?,America
Luther_Burger,Doughnut,Patty,?,?,?,?,?,?,?,?,?,?,?,?,?,?,America
Maple_taffy,Snow,Maple,?,?,?,?,?,?,?,?,?,?,?,?,?,?,America
Carne_asada,Beef,?,?,?,?,?,?,?,?,?,?,?,?,?,?,?,America
Chicken_fried_bacon,Bacon,Batter_(cooking),?,?,?,?,?,?,?,?,?,?,?,?,?,?,America
Ginger_beef,Ginger,Beef,?,?,?,?,?,?,?,?,?,?,?,?,?,?,America
Chiffon_cake,Flour,Sugar,Egg_(food),Vegetable_oil,?,?,?,?,?,?,?,?,?,?,?,?,America
Cheese_puffs,Flavor,Puffed_grain,?,?,?,?,?,?,?,?,?,?,?,?,?,?,America
Salt_water_taffy,Butter,Corn_syrup,Corn_starch,Glycerol,Sugar,Water,Salt,Food_coloring,?,?,?,?,?,?,?,?,America
Bacon_Explosion,Bacon,Sausage,?,?,?,?,?,?,?,?,?,?,?,?,?,?,America
Stack_cake,Apple_butter,Apple,?,?,?,?,?,?,?,?,?,?,?,?,?,?,America
Ripper_(hot_dog),Hot_dog_bun,Hot_dog,?,?,?,?,?,?,?,?,?,?,?,?,?,?,America
Tortilla_de_rescoldo,Wheat_flour,?,?,?,?,?,?,?,?,?,?,?,?,?,?,?,America
Chorrillana,French_fries,Beef,Spice,Onion,Salt,?,?,?,?,?,?,?,?,?,?,?,America
Rocky_Mountain_oysters,Flour,Testicle_(food),?,?,?,?,?,?,?,?,?,?,?,?,?,?,America
Fudge,Butter,Milk,Sugar,?,?,?,?,?,?,?,?,?,?,?,?,?,America
Corn_soup,Maize,Broth,?,?,?,?,?,?,?,?,?,?,?,?,?,?,America
Pebete,Mayonnaise,Cheese,Bun,Tomato,Curing_(food_preservation),?,?,?,?,?,?,?,?,?,?,?,America
Poke_(Hawaii),Chili_pepper,Soy_sauce,Inamona,Yellowfin_tuna,Sea_salt,Sesame_oil,Limu_(algae),?,?,?,?,?,?,?,?,?,America
Cupcone,Butter,Flour,Sugar,Icing_(food),Egg_(food),?,?,?,?,?,?,?,?,?,?,?,America
Breakfast_sandwich,Cheese,Bread,Egg_(food),?,?,?,?,?,?,?,?,?,?,?,?,?,America
Torta_ahogada,Sauce,Cheese,Pork,Bolillo,Chicken_(food),Phaseolus_vulgaris,?,?,?,?,?,?,?,?,?,?,America
Indian_ice_cream_(Canada),Sugar_substitute,Water,Shepherdia_canadensis,?,?,?,?,?,?,?,?,?,?,?,?,?,America
Calfs_liver_and_bacon,Bacon,Liver_(food),?,?,?,?,?,?,?,?,?,?,?,?,?,?,America
Southern_Illinois_chowder,Cabbage,Beef,Tomato,Phaseolus_lunatus,Green_bean,Chicken_(food),?,?,?,?,?,?,?,?,?,?,America
Gringas,Cheese,Meat,Quesadilla,?,?,?,?,?,?,?,?,?,?,?,?,?,America
Parker_House_roll,Butter,Flour,Milk,Sugar,Egg_(food),Margarine,?,?,?,?,?,?,?,?,?,?,America
Hot_chicken,Cayenne_pepper,Chicken_(food),?,?,?,?,?,?,?,?,?,?,?,?,?,?,America
Bumbleberry_pie,Berry,?,?,?,?,?,?,?,?,?,?,?,?,?,?,?,America
Puffcorn,Flavor,Cornmeal,?,?,?,?,?,?,?,?,?,?,?,?,?,?,America
Caramel_corn,Caramel,Molasses,Popcorn,?,?,?,?,?,?,?,?,?,?,?,?,?,America
Scrapple,Flour,Spice,Buckwheat,Mush_(cornmeal),Cornmeal,?,?,?,?,?,?,?,?,?,?,?,America
Philadelphia_Pepper_Pot,Seasoning,Tripe,Vegetable,?,?,?,?,?,?,?,?,?,?,?,?,?,America
Wheatena,Wheat,?,?,?,?,?,?,?,?,?,?,?,?,?,?,?,America
Moravian_spice_cookies,Molasses,Spice,?,?,?,?,?,?,?,?,?,?,?,?,?,?,America
Baked_bean_sandwich,Baked_beans,Bread,?,?,?,?,?,?,?,?,?,?,?,?,?,?,America
Dirt_cake,Cream_cheese,Pudding,Gummi_candy,Oreo,?,?,?,?,?,?,?,?,?,?,?,?,America
Spoonbread,Cornmeal,?,?,?,?,?,?,?,?,?,?,?,?,?,?,?,America
Italian_sausage,Anise,Fennel,Pork,?,?,?,?,?,?,?,?,?,?,?,?,?,America
Valdiviano,Charki,?,?,?,?,?,?,?,?,?,?,?,?,?,?,?,America
Hamburger,Bread,Meat,?,?,?,?,?,?,?,?,?,?,?,?,?,?,America
Cocol,Milk,Egg_(food),Wheat_flour,?,?,?,?,?,?,?,?,?,?,?,?,?,America
Barros_Jarpa,Bread,?,?,?,?,?,?,?,?,?,?,?,?,?,?,?,America
Flummadiddle,Clove,Molasses,Spice,Pork,Staling,Allspice,?,?,?,?,?,?,?,?,?,?,America
Chicago-style_hot_dog,Chili_pepper,Tomato,Celery_salt,?,?,?,?,?,?,?,?,?,?,?,?,?,America
Rice_Krispies_Treats,Butter,Marshmallow,Rice_Krispies,Margarine,?,?,?,?,?,?,?,?,?,?,?,?,America
Cocadas,Coconut,Condensed_milk,Sugar,Coconut_milk,Egg_(food),Food_coloring,Brown_sugar,?,?,?,?,?,?,?,?,?,America
Russian_dressing,Ketchup,Mayonnaise,Spice,Chives,Horseradish,Pimiento,?,?,?,?,?,?,?,?,?,?,America
American_goulash,Beef,Pasta,Tomato,Paprika,Steak,?,?,?,?,?,?,?,?,?,?,?,America
Pimento_cheese,Mayonnaise,Cheddar_cheese,Pimiento,Processed_cheese,?,?,?,?,?,?,?,?,?,?,?,?,America
Cocktion,Sugar,Maize,?,?,?,?,?,?,?,?,?,?,?,?,?,?,America
Hasty_pudding,Cereal,Milk,Water,?,?,?,?,?,?,?,?,?,?,?,?,?,America
Fried_Coke,Cherry,Syrup,Coca-Cola,Whipped_cream,Batter_(cooking),Cinnamon_sugar,?,?,?,?,?,?,?,?,?,?,America
Creme_de_papaya,Papaya,Vanilla,Blackcurrant,Crème_de_cassis,?,?,?,?,?,?,?,?,?,?,?,?,America
Kulolo,Coconut,Taro,Coconut_milk,?,?,?,?,?,?,?,?,?,?,?,?,?,America
Cupcake,Butter,Flour,Sugar,Icing_(food),Egg_(food),Cake_decorating,?,?,?,?,?,?,?,?,?,?,America
Queso_flameado,Chorizo,Cheese,?,?,?,?,?,?,?,?,?,?,?,?,?,?,America
Guajolota,Tamale,Bolillo,?,?,?,?,?,?,?,?,?,?,?,?,?,?,America
Blueberry_pie,Blueberry,?,?,?,?,?,?,?,?,?,?,?,?,?,?,?,America
Reuben_sandwich,Corned_beef,Sauerkraut,Thousand_Island_dressing,Swiss_cheese,Rye_bread,Mustard_(condiment),Russian_dressing,?,?,?,?,?,?,?,?,?,America
Figgy_duff_(pudding),Butter,Flour,Molasses,Sugar,Raisin,?,?,?,?,?,?,?,?,?,?,?,America
Quindim,Coconut,Sugar,Yolk,?,?,?,?,?,?,?,?,?,?,?,?,?,America
Quibeibe,Cucurbita,?,?,?,?,?,?,?,?,?,?,?,?,?,?,?,America
Peanut_butter_cup,Chocolate,Peanut_butter,?,?,?,?,?,?,?,?,?,?,?,?,?,?,America
Pashofa,White_corn,?,?,?,?,?,?,?,?,?,?,?,?,?,?,?,America
Tembleque,Cinnamon,Corn_starch,Milk,Nutmeg,Spice,Sugar,Vanilla,Coconut_cream,Coconut_milk,?,?,?,?,?,?,?,America
Zingers,Corn_syrup,Sugar,?,?,?,?,?,?,?,?,?,?,?,?,?,?,America
Macaroni_and_cheese,Butter,Flour,Macaroni,Milk,Parmesan,Cheddar_sauce,?,?,?,?,?,?,?,?,?,?,America
Medianoche,Ham,Swiss_cheese,Pork,Mustard_(condiment),Pickled_cucumber,?,?,?,?,?,?,?,?,?,?,?,America
Louis_dressing,Chili_pepper,Mayonnaise,Scallion,?,?,?,?,?,?,?,?,?,?,?,?,?,America
Bagel_dog,Bagel,Hot_dog,?,?,?,?,?,?,?,?,?,?,?,?,?,?,America
Chowder,Cream,Milk,Seafood,Vegetable,?,?,?,?,?,?,?,?,?,?,?,?,America
Texas_caviar,Black-eyed_pea,Vinaigrette,?,?,?,?,?,?,?,?,?,?,?,?,?,?,America
Funeral_potatoes,Butter,Corn_flakes,Cheddar_cheese,Potato_chip,Onion,Potato,Parmesan,Soup,Sour_cream,Hash_browns,?,?,?,?,?,?,America
Maple_liqueur,Maple_syrup,?,?,?,?,?,?,?,?,?,?,?,?,?,?,?,America
Chinese_chicken_salad,Ginger,Lettuce,Sesame_oil,Chicken_(food),Chinese_noodles,?,?,?,?,?,?,?,?,?,?,?,America
Crab_rangoon,Crab,Wonton,Garlic,Cream_cheese,Crab_stick,Allium_fistulosum,?,?,?,?,?,?,?,?,?,?,America
Chocolate_chip_cookie_dough_ice_cream,Chocolate_chip_cookie,Ice_cream,?,?,?,?,?,?,?,?,?,?,?,?,?,?,America
Turtle_soup,Turtle,?,?,?,?,?,?,?,?,?,?,?,?,?,?,?,America
Hallulla,Butter,Shortening,Bakers_yeast,Wheat_flour,?,?,?,?,?,?,?,?,?,?,?,?,America
Italian_dressing,Bell_pepper,Corn_syrup,Spice,Sugar,Vinegar,Water,Herb,Vegetable_oil,Lemon,?,?,?,?,?,?,?,America
Fortune_cookie,Flour,Sugar,Vanilla,Oil,?,?,?,?,?,?,?,?,?,?,?,?,America
Johnny_Marzetti,Macaroni,Ground_beef,?,?,?,?,?,?,?,?,?,?,?,?,?,?,America
Akutaq,Sugar_substitute,Fat,Meat,Fish,?,?,?,?,?,?,?,?,?,?,?,?,America
Menudo_(soup),Chili_pepper,Beef,Coriander,Onion,Oregano,Broth,Lime_(fruit),?,?,?,?,?,?,?,?,?,America
Sno-ball,Water,?,?,?,?,?,?,?,?,?,?,?,?,?,?,?,America
Hot_dog_bun,Flour,?,?,?,?,?,?,?,?,?,?,?,?,?,?,?,America
Nanaimo_bar,Chocolate,Icing_(food),?,?,?,?,?,?,?,?,?,?,?,?,?,?,America
Wagon_Wheels,Marshmallow,Chocolate,?,?,?,?,?,?,?,?,?,?,?,?,?,?,America
Muffuletta,Mortadella,Salami,Provolone,Ham,Mozzarella,Olive_salad,?,?,?,?,?,?,?,?,?,?,America
Fajita,Capsicum,Meat,Onion,Tortilla,?,?,?,?,?,?,?,?,?,?,?,?,America
Piki,Water,Cornmeal,Blue_corn,?,?,?,?,?,?,?,?,?,?,?,?,?,America
Tostada_(tortilla),Tortilla,?,?,?,?,?,?,?,?,?,?,?,?,?,?,?,America
Maypo,Oatmeal,?,?,?,?,?,?,?,?,?,?,?,?,?,?,?,America
Rocky_Mountain_oysters,Flour,Testicle_(food),?,?,?,?,?,?,?,?,?,?,?,?,?,?,America
Arizona_cheese_crisp,Cheese,Tortilla,?,?,?,?,?,?,?,?,?,?,?,?,?,?,America
Maxwell_Street_Polish,Kielbasa,Bun,Onion,Mustard_(condiment),Capsicum_annuum,?,?,?,?,?,?,?,?,?,?,?,America
Muffin,Flour,Yeast,Leavening_agent,?,?,?,?,?,?,?,?,?,?,?,?,?,America
Bulla_cake,Molasses,?,?,?,?,?,?,?,?,?,?,?,?,?,?,?,America
Cuban_bread,Flour,Water,Lard,Shortening,?,?,?,?,?,?,?,?,?,?,?,?,America
Mayfair_salad_dressing,Canola,Champagne,Anchovy,Celery,Garlic,Horseradish,Onion,Black_pepper,Cooking_oil,Egg_(food),Mustard_(condiment),?,?,?,?,?,America
Seven-layer_salad,Bacon,Cheddar_cheese,Cucumber,Lettuce,Onion,Sweet_pea,Tomato,Boiled_egg,?,?,?,?,?,?,?,?,America
Thousand_Island_dressing,Ketchup,Mayonnaise,Cream,Olive_oil,Vinegar,Worcestershire_sauce,Paprika,Chili_sauce,Egg_(food),Mustard_(condiment),Lemon,Tomato_purée,?,?,?,?,America
Angel_food_cake,Potassium_bitartrate,Egg_white,Wheat_flour,?,?,?,?,?,?,?,?,?,?,?,?,?,America
Chilaquiles,Refried_beans,Mole_sauce,Salsa_(sauce),Chicken_(food),Tortilla,?,?,?,?,?,?,?,?,?,?,?,America
Shrimp_Creole,Bell_pepper,Shrimp,Rice,Celery,Onion,Tomato,?,?,?,?,?,?,?,?,?,?,America
Buckeye_candy,Chocolate,Peanut_butter,?,?,?,?,?,?,?,?,?,?,?,?,?,?,America
Ry-Krisp,Rye,?,?,?,?,?,?,?,?,?,?,?,?,?,?,?,America
Run_down,Seasoning,Onion,Tomato,Coconut_milk,Yam_(vegetable),Fish_as_food,?,?,?,?,?,?,?,?,?,?,America
Blooming_onion,Onion,Batter_(cooking),?,?,?,?,?,?,?,?,?,?,?,?,?,?,America
Cajuzinho,Cashew,Sugar,Peanut,?,?,?,?,?,?,?,?,?,?,?,?,?,America
Cornbread,Baking_powder,Cornmeal,?,?,?,?,?,?,?,?,?,?,?,?,?,?,America
Corn_dog,Cornmeal,Hot_dog,?,?,?,?,?,?,?,?,?,?,?,?,?,?,America
Saimin,Scallion,Dashi,Egg_(food),Wheat_flour,?,?,?,?,?,?,?,?,?,?,?,?,America
Persian_(roll),Icing_(food),?,?,?,?,?,?,?,?,?,?,?,?,?,?,?,America
Frito_pie,Cheese,Chili_con_carne,Corn_chip,?,?,?,?,?,?,?,?,?,?,?,?,?,America
Happy_Cake,Coconut,Pineapple,Macadamia,?,?,?,?,?,?,?,?,?,?,?,?,?,America
Chicken_and_waffles,Chicken,Waffle,?,?,?,?,?,?,?,?,?,?,?,?,?,?,America
Pastry_heart,Puff_pastry,?,?,?,?,?,?,?,?,?,?,?,?,?,?,?,America
Sunbutter,Sunflower_seed,?,?,?,?,?,?,?,?,?,?,?,?,?,?,?,America
Graham_bread,Whole-wheat_flour,?,?,?,?,?,?,?,?,?,?,?,?,?,?,?,America
Pecan_pie,Corn_syrup,Pecan,?,?,?,?,?,?,?,?,?,?,?,?,?,?,America
Pudding_corn,Maize,?,?,?,?,?,?,?,?,?,?,?,?,?,?,?,America
Hard_dough_bread,Flour,Sugar,Water,Salt,Bakers_yeast,?,?,?,?,?,?,?,?,?,?,?,America
Indian_ice_cream_(Alaska),Berry,Fat,Meat,Fish,?,?,?,?,?,?,?,?,?,?,?,?,America
Pamonha,Sweet_corn,Milk,?,?,?,?,?,?,?,?,?,?,?,?,?,?,America
Honey_bun,Cinnamon,Honey,Bakers_yeast,?,?,?,?,?,?,?,?,?,?,?,?,?,America
Rice_and_gravy,Gravy,Meat,Rice,?,?,?,?,?,?,?,?,?,?,?,?,?,America
Cider_doughnut,Cinnamon,Nutmeg,Apple_cider,Batter_(cooking),?,?,?,?,?,?,?,?,?,?,?,?,America
Tater_Tots,Potato,?,?,?,?,?,?,?,?,?,?,?,?,?,?,?,America
Sloppy_joe_(New_Jersey),Swiss_cheese,Rye_bread,Coleslaw,Russian_dressing,?,?,?,?,?,?,?,?,?,?,?,?,America
Scotcheroos,Chocolate,Peanut_butter,Rice_Krispies,?,?,?,?,?,?,?,?,?,?,?,?,?,America
Bolo_de_rolo,Butter,Flour,Sugar,Egg_(food),Goiabada,?,?,?,?,?,?,?,?,?,?,?,America
Amish_friendship_bread,Cinnamon,Sourdough,Sugar,Vegetable_oil,?,?,?,?,?,?,?,?,?,?,?,?,America
Montreal-style_smoked_meat,Rye_bread,Smoked_meat,Mustard_(condiment),?,?,?,?,?,?,?,?,?,?,?,?,?,America
Coxinha,Flour,Meat,?,?,?,?,?,?,?,?,?,?,?,?,?,?,America
Caesar_salad,Anchovy,Olive_oil,Worcestershire_sauce,Parmesan,Crouton,Black_pepper,Egg_(food),Romaine_lettuce,Lemon,?,?,?,?,?,?,?,America
Thousand_Island_dressing,Ketchup,Mayonnaise,Cream,Olive_oil,Vinegar,Worcestershire_sauce,Paprika,Chili_sauce,Egg_(food),Mustard_(condiment),Lemon,Tomato_purée,?,?,?,?,America
Patty_melt,Hamburger,Cheese,Onion,Rye_bread,?,?,?,?,?,?,?,?,?,?,?,?,America
15_bean_soup,Bean,?,?,?,?,?,?,?,?,?,?,?,?,?,?,?,America
Sour_cream_doughnut,Sour_cream,?,?,?,?,?,?,?,?,?,?,?,?,?,?,?,America
Potatoes_OBrien,Bell_pepper,Potato,?,?,?,?,?,?,?,?,?,?,?,?,?,?,America
Chicken_riggies,Capsicum,Chicken,Tomato_sauce,Rigatoni,?,?,?,?,?,?,?,?,?,?,?,?,America
Pullman_loaf,Flour,?,?,?,?,?,?,?,?,?,?,?,?,?,?,?,America
Chicago-style_pizza,Cheese,Tomato_sauce,?,?,?,?,?,?,?,?,?,?,?,?,?,?,America
Chairo,Beef,Wheat,Carrot,Onion,Potato,Chuño,?,?,?,?,?,?,?,?,?,?,America
Stick_candy,Corn_syrup,Potassium_bitartrate,Sugar,Water,?,?,?,?,?,?,?,?,?,?,?,?,America
Strawberry_rhubarb_pie,Strawberry,Rhubarb,?,?,?,?,?,?,?,?,?,?,?,?,?,?,America
Crackling_bread,Pork_rind,Cornmeal,?,?,?,?,?,?,?,?,?,?,?,?,?,?,America
Caldillo_de_congrio,Cream,Water,Carrot,Coriander,Garlic,Onion,Potato,Tomato,Fish,Black_pepper,?,?,?,?,?,?,America
Clam_chowder,Butter,Clam,Onion,Potato,Broth,?,?,?,?,?,?,?,?,?,?,?,America
Chocolate_brownie,Butter,Flour,Chocolate,Sugar,Egg_(food),Cocoa_solids,?,?,?,?,?,?,?,?,?,?,America
Maraca_pie,Banana,Put_chai_ko,?,?,?,?,?,?,?,?,?,?,?,?,?,?,America
Gulab_jamun,Saffron,Khoa,?,?,?,?,?,?,?,?,?,?,?,?,?,?,America
Garlic_fingers,Cheese,Garlic_butter,Parsley,?,?,?,?,?,?,?,?,?,?,?,?,?,America
Mother-in-law_(tamale),Bread,?,?,?,?,?,?,?,?,?,?,?,?,?,?,?,America
Sealed_crustless_sandwich,Bread,?,?,?,?,?,?,?,?,?,?,?,?,?,?,?,America
Sushi_pizza,Salmon,Avocado,?,?,?,?,?,?,?,?,?,?,?,?,?,?,America
Taffy_(candy),Butter,Flavor,Sugar,Food_coloring,Vegetable_oil,?,?,?,?,?,?,?,?,?,?,?,America
Quesadilla,Refried_beans,Cheese,Meat,Avocado,Tortilla,?,?,?,?,?,?,?,?,?,?,?,America
Pasta_primavera,Olive_oil,Pasta,Vegetable,Mirepoix_(cuisine),?,?,?,?,?,?,?,?,?,?,?,?,America
Ploye,Water,Buckwheat,Baking_powder,Wheat_flour,?,?,?,?,?,?,?,?,?,?,?,?,America
Curau,Sweet_corn,Milk,Sugar,Maize,?,?,?,?,?,?,?,?,?,?,?,?,America
Paila_marina,Shellfish,Seafood,Spice,Fish_as_food,Herb,?,?,?,?,?,?,?,?,?,?,?,America
Montreal-style_bagel,Honey,Malt,Egg_(food),?,?,?,?,?,?,?,?,?,?,?,?,?,America
Macaroni_and_cheese,Butter,Flour,Macaroni,Milk,Parmesan,Cheddar_sauce,?,?,?,?,?,?,?,?,?,?,America
Coyotas,Brown_sugar,?,?,?,?,?,?,?,?,?,?,?,?,?,?,?,America
Mulligan_stew_(food),Meat,Potato,Vegetable,?,?,?,?,?,?,?,?,?,?,?,?,?,America
Hot_wiener,Bread,Veal,Onion,White_mustard,Pork,Celery_salt,?,?,?,?,?,?,?,?,?,?,America
Hummingbird_cake,Flour,Pineapple,Banana,Sugar,Pecan,Egg_(food),?,?,?,?,?,?,?,?,?,?,America
Chocolate_sandwich,Chocolate,Bread,?,?,?,?,?,?,?,?,?,?,?,?,?,?,America
Sope,Refried_beans,Green,Cheese,Meat,Lettuce,Onion,Salsa_(sauce),Vegetable,Corn_Flour,?,?,?,?,?,?,?,America
Gibraltar_rock_(candy),Clove,Flavor,Sugar,Peppermint,Lemon,?,?,?,?,?,?,?,?,?,?,?,America
Chicken_fried_steak,Flour,Cube_steak,?,?,?,?,?,?,?,?,?,?,?,?,?,?,America
Tostilocos,Chamoy,Tostitos,?,?,?,?,?,?,?,?,?,?,?,?,?,?,America
Pan_de_Pascua,Ginger,Honey,Raisin,Walnut,Almond,Candied_fruit,?,?,?,?,?,?,?,?,?,?,America
Maple_syrup,Xylem,Acer_nigrum,Acer_rubrum,?,?,?,?,?,?,?,?,?,?,?,?,?,America
Derby_pie,Chocolate,Pecan,Walnut,?,?,?,?,?,?,?,?,?,?,?,?,?,America
Chipped_beef,Beef,?,?,?,?,?,?,?,?,?,?,?,?,?,?,?,America
Chimichanga,Cheese,Rice,Tortilla,Adobada,Machaca,?,?,?,?,?,?,?,?,?,?,?,America
Guacamole,Avocado,Sea_salt,Lime_(fruit),?,?,?,?,?,?,?,?,?,?,?,?,?,America
Funnel_cake,Cooking_oil,Batter_(cooking),?,?,?,?,?,?,?,?,?,?,?,?,?,?,America
Chicken_mull,Butter,Cream,Milk,Broth,Chicken_(food),?,?,?,?,?,?,?,?,?,?,?,America
Bear_claw_(pastry),Almond_paste,Raisin,?,?,?,?,?,?,?,?,?,?,?,?,?,?,America
Cincinnati_chili,Clove,Chocolate,Spice,Chili_con_carne,Allspice,?,?,?,?,?,?,?,?,?,?,?,America
Spam_musubi,Nori,Rice,Spam_(food),?,?,?,?,?,?,?,?,?,?,?,?,?,America
Lays_WOW_chips,Potato,Olestra,?,?,?,?,?,?,?,?,?,?,?,?,?,?,America
Frozen_yogurt,Milk,Butterfat,?,?,?,?,?,?,?,?,?,?,?,?,?,?,America
Marshmallow_creme,Corn_syrup,Syrup,Vanilla,Egg_white,?,?,?,?,?,?,?,?,?,?,?,?,America
Pig_candy,Caramel,Smoking_(cooking),Pecan,Brown_sugar,?,?,?,?,?,?,?,?,?,?,?,?,America
Indian_ice_cream_(Canada),Sugar_substitute,Water,Shepherdia_canadensis,?,?,?,?,?,?,?,?,?,?,?,?,?,America
Entomatada,Tomato_sauce,Garlic,Onion,Oregano,Tortilla,?,?,?,?,?,?,?,?,?,?,?,America
Green_bean_casserole,Green_bean,Cream_of_mushroom_soup,Fried_onion,?,?,?,?,?,?,?,?,?,?,?,?,?,America
Cashew_chicken,Cashew,Soy_sauce,Stock_(food),Chicken_(food),Vegetable,Oyster_sauce,?,?,?,?,?,?,?,?,?,?,America
Irish_potato_candy,Cinnamon,Sugar,?,?,?,?,?,?,?,?,?,?,?,?,?,?,America
Mississippi_mud_pie,Butter,Chocolate,Sugar,?,?,?,?,?,?,?,?,?,?,?,?,?,America
Tejuino,Maize,Panela,?,?,?,?,?,?,?,?,?,?,?,?,?,?,America
Fajita,Capsicum,Meat,Onion,Tortilla,?,?,?,?,?,?,?,?,?,?,?,?,America
Devils_food_cake,Butter,Flour,Egg_white,Cocoa_solids,?,?,?,?,?,?,?,?,?,?,?,?,America
Flapper_pie,Custard,Graham_cracker,Meringue,?,?,?,?,?,?,?,?,?,?,?,?,?,America
Ozark_pudding,Custard,Nut_(fruit),?,?,?,?,?,?,?,?,?,?,?,?,?,?,America
Polish_Boy,Kielbasa,French_fries,Hot_sauce,Bun,Barbecue_sauce,Coleslaw,?,?,?,?,?,?,?,?,?,?,America
Bauru_(sandwich),Roast_beef,Cheese,Bun,Tomato,Pickled_cucumber,?,?,?,?,?,?,?,?,?,?,?,America
Totopo,Maize,Salt,?,?,?,?,?,?,?,?,?,?,?,?,?,?,America
Goiabada,Guava,Sugar,Water,?,?,?,?,?,?,?,?,?,?,?,?,?,America
Queso_flameado,Chorizo,Cheese,?,?,?,?,?,?,?,?,?,?,?,?,?,?,America
Toto_(dessert),Coconut,Flour,Sucrose,?,?,?,?,?,?,?,?,?,?,?,?,?,America
Corn_flakes,Malt,Sugar,Maize,High_fructose_corn_syrup,?,?,?,?,?,?,?,?,?,?,?,?,America
New_York-style_pizza,Mozzarella,Tomato_sauce,?,?,?,?,?,?,?,?,?,?,?,?,?,?,America
Candy_corn,Corn_syrup,Carnauba_wax,Sugar,?,?,?,?,?,?,?,?,?,?,?,?,?,America
Sandwiches_de_miga,Bell_pepper,White_bread,Ham,Cheese,Lettuce,Tomato,Egg_(food),?,?,?,?,?,?,?,?,?,America
Cream_of_mushroom_soup,Roux,Cream,Milk,Broth,Edible_mushroom,?,?,?,?,?,?,?,?,?,?,?,America
Glorified_rice,Pineapple,Rice,Whipped_cream,?,?,?,?,?,?,?,?,?,?,?,?,?,America
Apple_dumpling,Cinnamon,Sugar,Raisin,Dough,Apple,?,?,?,?,?,?,?,?,?,?,?,America
Beijinho,Coconut,Condensed_milk,?,?,?,?,?,?,?,?,?,?,?,?,?,?,America
Spaghetti_with_meatballs,Meatball,Spaghetti,Tomato_sauce,?,?,?,?,?,?,?,?,?,?,?,?,?,America
Taco,Cheese,Meat,Vegetable,Tortilla,?,?,?,?,?,?,?,?,?,?,?,?,America
Pie_a_la_Mode,Ice_cream,Pie,?,?,?,?,?,?,?,?,?,?,?,?,?,?,America
Bacon_Deluxe,Bacon,Cheese,Bun,Patty,Vegetable,?,?,?,?,?,?,?,?,?,?,?,America
Haupia,Corn_starch,Coconut_milk,?,?,?,?,?,?,?,?,?,?,?,?,?,?,America
Dessert_bar,Butter,Flour,Milk,Sugar,Egg_(food),?,?,?,?,?,?,?,?,?,?,?,America
Gugelhupf,Kirsch,Bakers_yeast,Almond,?,?,?,?,?,?,?,?,?,?,?,?,?,Other_region
Khaman,Dal,Gram_flour,?,?,?,?,?,?,?,?,?,?,?,?,?,?,Other_region
Petha,Winter_melon,Sugar,?,?,?,?,?,?,?,?,?,?,?,?,?,?,Other_region
Wurstbrot,Sausage,Bread,Cold_cut,?,?,?,?,?,?,?,?,?,?,?,?,?,Other_region
Chole_bhature,Chickpea,Maida_flour,?,?,?,?,?,?,?,?,?,?,?,?,?,?,Other_region
Crispy_fried_chicken,Chicken,?,?,?,?,?,?,?,?,?,?,?,?,?,?,?,Other_region
Liverpool_Tart,Sugar,Lemon,?,?,?,?,?,?,?,?,?,?,?,?,?,?,Other_region
Kaldereta,Bell_pepper,Flour,Tomato_paste,Carrot,Garlic,Onion,Potato,?,?,?,?,?,?,?,?,?,Other_region
Briouat,Cheese,Spice,Black_pepper,Lamb_and_mutton,Chicken_(food),Herb,Lemon,?,?,?,?,?,?,?,?,?,Other_region
Emping,Gnetum_gnemon,?,?,?,?,?,?,?,?,?,?,?,?,?,?,?,Other_region
Kugel,Potato,Egg_(food),?,?,?,?,?,?,?,?,?,?,?,?,?,?,Other_region
Lukanka,Veal,Pork,?,?,?,?,?,?,?,?,?,?,?,?,?,?,Other_region
Italian_ice,Purée,?,?,?,?,?,?,?,?,?,?,?,?,?,?,?,Other_region
Prekmurska_gibanica,Flour,Raisin,Ricotta,Poppy_seed,Walnut,Apple,?,?,?,?,?,?,?,?,?,?,Other_region
Svartsoppa,Blood_as_food,?,?,?,?,?,?,?,?,?,?,?,?,?,?,?,Other_region
Sweetheart_cake,Winter_melon,Five-spice_powder,Almond_paste,?,?,?,?,?,?,?,?,?,?,?,?,?,Other_region
Harihari-nabe,Minke_whale,Mizuna,?,?,?,?,?,?,?,?,?,?,?,?,?,?,Other_region
Sup_Kambing,Lamb_and_mutton,?,?,?,?,?,?,?,?,?,?,?,?,?,?,?,Other_region
Higashi_(food),Rice_flour,?,?,?,?,?,?,?,?,?,?,?,?,?,?,?,Other_region
Selat_solo,Braising,Potato,?,?,?,?,?,?,?,?,?,?,?,?,?,?,Other_region
Panada,Bread,?,?,?,?,?,?,?,?,?,?,?,?,?,?,?,Other_region
Ashure,Fruit,Food_grain,Nut_(fruit),?,?,?,?,?,?,?,?,?,?,?,?,?,Other_region
Gulab_jamun,Saffron,Khoa,?,?,?,?,?,?,?,?,?,?,?,?,?,?,Other_region
Shlishkes,Flour,Mashed_potato,Egg_(food),Streusel,?,?,?,?,?,?,?,?,?,?,?,?,Other_region
Struffoli,Honey,Dough,?,?,?,?,?,?,?,?,?,?,?,?,?,?,Other_region
Kevum,Treacle,?,?,?,?,?,?,?,?,?,?,?,?,?,?,?,Other_region
Kinilnat,Cabbage,Fern,Taro,Sesbania_grandiflora,Winged_bean,Momordica_charantia,Green_bean,Moringa_oleifera,Vegetable,?,?,?,?,?,?,?,Other_region
Alivenci,Butter,Milk,Cream_cheese,Egg_(food),Cornmeal,Smântână,?,?,?,?,?,?,?,?,?,?,Other_region
Frog_cake,Fruit_preserves,Sponge_cake,Fondant_icing,?,?,?,?,?,?,?,?,?,?,?,?,?,Other_region
Ikan_bakar,Grilling,Shallot,Garlic,Fish_as_food,?,?,?,?,?,?,?,?,?,?,?,?,Other_region
Chatti_Pathiri,Flour,Egg_(food),Oil,?,?,?,?,?,?,?,?,?,?,?,?,?,Other_region
Parmigiana,Cheese,Tomato_sauce,Bread_crumbs,Eggplant,?,?,?,?,?,?,?,?,?,?,?,?,Other_region
White_boiled_shrimp,Shrimp,?,?,?,?,?,?,?,?,?,?,?,?,?,?,?,Other_region
Bakarkhani,Dough,Ghee,?,?,?,?,?,?,?,?,?,?,?,?,?,?,Other_region
Minties,Mentha,?,?,?,?,?,?,?,?,?,?,?,?,?,?,?,Other_region
Dabeli,Hamburger,Spice_mix,Potato,?,?,?,?,?,?,?,?,?,?,?,?,?,Other_region
Bamba_(snack),Peanut_butter,?,?,?,?,?,?,?,?,?,?,?,?,?,?,?,Other_region
Bolo_Rei,Raisin,Dough,Nut_(fruit),Candied_fruit,?,?,?,?,?,?,?,?,?,?,?,?,Other_region
Champ_(food),Butter,Scallion,Milk,Mashed_potato,?,?,?,?,?,?,?,?,?,?,?,?,Other_region
Salzburger_Nockerl,Flour,Sugar,Vanilla,Egg_white,Yolk,?,?,?,?,?,?,?,?,?,?,?,Other_region
Churri,Yogurt,Buttermilk,?,?,?,?,?,?,?,?,?,?,?,?,?,?,Other_region
Hokey_pokey_(ice_cream),Honeycomb_toffee,?,?,?,?,?,?,?,?,?,?,?,?,?,?,?,Other_region
Croissant,Butter,Bakers_yeast,?,?,?,?,?,?,?,?,?,?,?,?,?,?,Other_region
Spaghettieis,Strawberry,Whipped_cream,?,?,?,?,?,?,?,?,?,?,?,?,?,?,Other_region
Malva_pudding,Apricot,?,?,?,?,?,?,?,?,?,?,?,?,?,?,?,Other_region
Mathapuli,Syrup,Vigna_mungo,?,?,?,?,?,?,?,?,?,?,?,?,?,?,Other_region
Whisky_sauce,Whisky,?,?,?,?,?,?,?,?,?,?,?,?,?,?,?,Other_region
Gundruk,Cauliflower,?,?,?,?,?,?,?,?,?,?,?,?,?,?,?,Other_region
Pakhala,Rice,?,?,?,?,?,?,?,?,?,?,?,?,?,?,?,Other_region
Scouse_(food),Beef,Lamb_and_mutton,?,?,?,?,?,?,?,?,?,?,?,?,?,?,Other_region
Sata_andagi,Flour,Sugar,Egg_(food),?,?,?,?,?,?,?,?,?,?,?,?,?,Other_region
Semifreddo,Gelato,?,?,?,?,?,?,?,?,?,?,?,?,?,?,?,Other_region
Hinava,Birds_eye_chili,Fish,Red_onion,Salt,Lime_(fruit),?,?,?,?,?,?,?,?,?,?,?,Other_region
Moussaka,Meat,Potato,Eggplant,?,?,?,?,?,?,?,?,?,?,?,?,?,Other_region
Sarma_(food),Rice,Vitis,?,?,?,?,?,?,?,?,?,?,?,?,?,?,Other_region
Rijstevlaai,Rice_pudding,?,?,?,?,?,?,?,?,?,?,?,?,?,?,?,Other_region
Malai_laddu,Cream,?,?,?,?,?,?,?,?,?,?,?,?,?,?,?,Other_region
Treacle_tart,Shortcrust_pastry,Golden_syrup,?,?,?,?,?,?,?,?,?,?,?,?,?,?,Other_region
Flump_(sweet),Gelatin,Sugar,Water,Cornflour,Glucose_fructose_corn_syrup,?,?,?,?,?,?,?,?,?,?,?,Other_region
Wagafi_bread,Flour,?,?,?,?,?,?,?,?,?,?,?,?,?,?,?,Other_region
Kulfa_gosht,Portulaca_oleracea,Lamb_and_mutton,?,?,?,?,?,?,?,?,?,?,?,?,?,?,Other_region
Tongba,Millet,Water,Yeast,?,?,?,?,?,?,?,?,?,?,?,?,?,Other_region
Figgy_pudding,Ficus,?,?,?,?,?,?,?,?,?,?,?,?,?,?,?,Other_region
Bridie,Butter,Suet,Mincing,?,?,?,?,?,?,?,?,?,?,?,?,?,Other_region
Unni_appam,Banana,Rice,Sugar,Jaggery,Ghee,?,?,?,?,?,?,?,?,?,?,?,Other_region
Butterbrot,Butter,Bread,?,?,?,?,?,?,?,?,?,?,?,?,?,?,Other_region
Sinangag,Fried_rice,?,?,?,?,?,?,?,?,?,?,?,?,?,?,?,Other_region
Karukan,Sugar,Water,Rice_flour,Red_bean_paste,?,?,?,?,?,?,?,?,?,?,?,?,Other_region
Liquorice_allsorts,Coconut,Gelatin,Sugar,Anise,Liquorice,?,?,?,?,?,?,?,?,?,?,?,Other_region
Spanische_Windtorte,Berry,Chocolate,Blackcurrant,Whipped_cream,Meringue,?,?,?,?,?,?,?,?,?,?,?,Other_region
Galette-saucisse,Galette,?,?,?,?,?,?,?,?,?,?,?,?,?,?,?,Other_region
Mahallebi,Rose_water,Wheat_flour,?,?,?,?,?,?,?,?,?,?,?,?,?,?,Other_region
Rumtopf,Fruit,Sugar,Rum,?,?,?,?,?,?,?,?,?,?,?,?,?,Other_region
Gajar_Ka_Halwa,Milk,Ghee,?,?,?,?,?,?,?,?,?,?,?,?,?,?,Other_region
Dripping_cake,Flour,Zante_currant,Spice,Raisin,Brown_sugar,Dripping,?,?,?,?,?,?,?,?,?,?,Other_region
Elenski_but,Ham,?,?,?,?,?,?,?,?,?,?,?,?,?,?,?,Other_region
Aachener_Printen,Cardamom,Clove,Ginger,Sugar_beet,Spice,Anise,Coriander,Allspice,?,?,?,?,?,?,?,?,Other_region
Sambal,Chili_pepper,Garlic,Shrimp_paste,?,?,?,?,?,?,?,?,?,?,?,?,?,Other_region
Kompyang,Flour,Onion,Lard,?,?,?,?,?,?,?,?,?,?,?,?,?,Other_region
Magiun_of_Topoloveni,Plum,?,?,?,?,?,?,?,?,?,?,?,?,?,?,?,Other_region
Frankfurter_Kranz,Cherry,Blackcurrant,Brittle_(food),Hazelnut,Sponge_cake,Strawberry_Jam,Almond,Buttercream,?,?,?,?,?,?,?,?,Other_region
Salmorejo,Bread,Vinegar,Garlic,Tomato,?,?,?,?,?,?,?,?,?,?,?,?,Other_region
Balushahi,Clarified_butter,Sugar,Maida_flour,?,?,?,?,?,?,?,?,?,?,?,?,?,Other_region
Khachapuri,Cheese,Bread,Egg_(food),?,?,?,?,?,?,?,?,?,?,?,?,?,Other_region
Chhena_kheeri,Clarified_butter,Sugar,Ghee,?,?,?,?,?,?,?,?,?,?,?,?,?,Other_region
Vla,Corn_starch,Milk,Sugar,Vanilla,Egg_(food),?,?,?,?,?,?,?,?,?,?,?,Other_region
Hot_dog,Chicken,?,?,?,?,?,?,?,?,?,?,?,?,?,?,?,Other_region
Lotus_seed_bun,Lotus_seed,?,?,?,?,?,?,?,?,?,?,?,?,?,?,?,Other_region
Melomakarono,Honey,Olive_oil,Semolina,?,?,?,?,?,?,?,?,?,?,?,?,?,Other_region
Dolma,Rice,Vitis,Stuffed_peppers,?,?,?,?,?,?,?,?,?,?,?,?,?,Other_region
Zeeuwse_bolus,Cinnamon,Treacle,?,?,?,?,?,?,?,?,?,?,?,?,?,?,Other_region
Sohan_Halwa,Milk,Sugar,Water,Cornmeal,?,?,?,?,?,?,?,?,?,?,?,?,Other_region
Leipziger_Lerche,Shortcrust_pastry,Nut_(fruit),Almond,?,?,?,?,?,?,?,?,?,?,?,?,?,Other_region
Olla_podrida,Meat,Vegetable,Pork_and_beans,?,?,?,?,?,?,?,?,?,?,?,?,?,Other_region
Turtle_soup,Turtle,?,?,?,?,?,?,?,?,?,?,?,?,?,?,?,Other_region
Samlar_machu,Tamarind,Vegetable,?,?,?,?,?,?,?,?,?,?,?,?,?,?,Other_region
Kedgeree,Butter,Cream,Rice,Egg_(food),Parsley,?,?,?,?,?,?,?,?,?,?,?,Other_region
Kheer,Cardamom,Milk,Rice,Almond,Pistachio,Saffron,?,?,?,?,?,?,?,?,?,?,Other_region
Ribollita,Bread,Vegetable,Navy_bean,?,?,?,?,?,?,?,?,?,?,?,?,?,Other_region
Butter_tea,Tea,Yak_butter,Salt,?,?,?,?,?,?,?,?,?,?,?,?,?,Other_region
Houska,Water,Caraway,Poppy_seed,Salt,Sea_salt,Bakers_yeast,Wheat_flour,?,?,?,?,?,?,?,?,?,Other_region
Unnakai,Coconut,Cooking_plantain,Sugar,Elettaria,Egg_white,Ghee,?,?,?,?,?,?,?,?,?,?,Other_region
Petha,Winter_melon,Sugar,?,?,?,?,?,?,?,?,?,?,?,?,?,?,Other_region
Kugelis,Bacon,Milk,Onion,Potato,Egg_(food),?,?,?,?,?,?,?,?,?,?,?,Other_region
Yatsuhashi,Cinnamon,Sugar,Rice_flour,?,?,?,?,?,?,?,?,?,?,?,?,?,Other_region
Knickerbocker_glory,Ice_cream,Cream,Gelatin_dessert,?,?,?,?,?,?,?,?,?,?,?,?,?,Other_region
Stroopwafel,Butter,Cinnamon,Flour,Milk,Egg_(food),Brown_sugar,Bakers_yeast,?,?,?,?,?,?,?,?,?,Other_region
Aloo_Chaat,Spice,Potato,Chutney,?,?,?,?,?,?,?,?,?,?,?,?,?,Other_region
Bicol_Express,Chili_pepper,Garlic,Onion,Pork,Coconut_milk,Stockfish,Shrimp_paste,?,?,?,?,?,?,?,?,?,Other_region
Trifle,Custard,Cream,Fruit,Sponge_cake,?,?,?,?,?,?,?,?,?,?,?,?,Other_region
Bika_Ambon,Tapioca,Sugar,Coconut_milk,Egg_(food),?,?,?,?,?,?,?,?,?,?,?,?,Other_region
Runeberg_torte,Sugar,Arrack,Raspberry,Rum,Almond,?,?,?,?,?,?,?,?,?,?,?,Other_region
Kyiv_cake,Chocolate,Hazelnut,Meringue,?,?,?,?,?,?,?,?,?,?,?,?,?,Other_region
Benne_dose,Butter,Rice,?,?,?,?,?,?,?,?,?,?,?,?,?,?,Other_region
Mahallebi,Rose_water,Wheat_flour,?,?,?,?,?,?,?,?,?,?,?,?,?,?,Other_region
Wingko,Coconut,?,?,?,?,?,?,?,?,?,?,?,?,?,?,?,Other_region
Apple_butter,Apple,Cider,?,?,?,?,?,?,?,?,?,?,?,?,?,?,Other_region
Sosatie,Meat,?,?,?,?,?,?,?,?,?,?,?,?,?,?,?,Other_region
Vlokken,Chocolate,?,?,?,?,?,?,?,?,?,?,?,?,?,?,?,Other_region
Banoffee_pie,Cream,Toffee,?,?,?,?,?,?,?,?,?,?,?,?,?,?,Other_region
Red_pudding,Bacon,Suet,Fat,Beef,Spice,Pork,Pork_rind,Wheat_flour,Rusk,?,?,?,?,?,?,?,Other_region
Kyay_oh,Pork,Rice_noodles,?,?,?,?,?,?,?,?,?,?,?,?,?,?,Other_region
Pol_Pani,Coconut_milk,?,?,?,?,?,?,?,?,?,?,?,?,?,?,?,Other_region
Panzanella,Bread,Tomato,?,?,?,?,?,?,?,?,?,?,?,?,?,?,Other_region
Hot_cross_bun,Zante_currant,Raisin,?,?,?,?,?,?,?,?,?,?,?,?,?,?,Other_region
Mirza_Ghassemi,Turmeric,Garlic,Tomato,Egg_(food),Eggplant,?,?,?,?,?,?,?,?,?,?,?,Other_region
Lymonnyk,Pastry,Sugar,Lemon,?,?,?,?,?,?,?,?,?,?,?,?,?,Other_region
Ganache,Cream,?,?,?,?,?,?,?,?,?,?,?,?,?,?,?,Other_region
Panipuri,Flour,Chickpea,Onion,Potato,?,?,?,?,?,?,?,?,?,?,?,?,Other_region
Mantecadas,Flour,Sugar,Egg_(food),Tallow,?,?,?,?,?,?,?,?,?,?,?,?,Other_region
Beguni,Eggplant,?,?,?,?,?,?,?,?,?,?,?,?,?,?,?,Other_region
Chikkolee,Ginger,Spice_mix,Water,Tamarind,Salt,Wheat_flour,?,?,?,?,?,?,?,?,?,?,Other_region
Nantong_Xiting_Cracker,Flour,?,?,?,?,?,?,?,?,?,?,?,?,?,?,?,Other_region
Mantou,Water,Leavening_agent,Wheat_flour,?,?,?,?,?,?,?,?,?,?,?,?,?,Other_region
Fun_guo,Tapioca,Shiitake,Corn_starch,Gluten,Ground_meat,Allium_tuberosum,Potato_starch,Dried_shrimp,Peanut,?,?,?,?,?,?,?,Other_region
Wenchang_chicken,Chicken_(food),?,?,?,?,?,?,?,?,?,?,?,?,?,?,?,Other_region
Ginger_milk_curd,Ginger,Milk,Sugar,?,?,?,?,?,?,?,?,?,?,?,?,?,Other_region
Banoffee_pie,Cream,Toffee,?,?,?,?,?,?,?,?,?,?,?,?,?,?,Other_region
Russian_candy,Cream,Sugar,?,?,?,?,?,?,?,?,?,?,?,?,?,?,Other_region
Pantua,Milk,Sugar,Semolina,Ghee,Khoa,?,?,?,?,?,?,?,?,?,?,?,Other_region
Bucatini,Durum,?,?,?,?,?,?,?,?,?,?,?,?,?,?,?,Other_region
Nasi_lemak,Cucumber,Coconut_milk,?,?,?,?,?,?,?,?,?,?,?,?,?,?,Other_region
Rou_jia_mo,Pork,?,?,?,?,?,?,?,?,?,?,?,?,?,?,?,Other_region
Pohay,Chili_pepper,Rice,Onion,Curry_tree,Mustard_seed,Cumin,?,?,?,?,?,?,?,?,?,?,Other_region
Tahu_goreng,Soy_sauce,Cucumber,Garlic,Tofu,?,?,?,?,?,?,?,?,?,?,?,?,Other_region
Mezzelune,Milk,Olive_oil,Buckwheat,Salt,Egg_(food),Bitto,?,?,?,?,?,?,?,?,?,?,Other_region
Samanu,Wheat,?,?,?,?,?,?,?,?,?,?,?,?,?,?,?,Other_region
Coconut_rice,Coconut,Rice,?,?,?,?,?,?,?,?,?,?,?,?,?,?,Other_region
Pljeskavica,Beef,Veal,Onion,Pork,Lamb_and_mutton,?,?,?,?,?,?,?,?,?,?,?,Other_region
Gibanica,Feta,Sirene,Egg_(food),Filo,?,?,?,?,?,?,?,?,?,?,?,?,Other_region
Gugelhupf,Kirsch,Bakers_yeast,Almond,?,?,?,?,?,?,?,?,?,?,?,?,?,Other_region
Blanquette_de_veau,Butter,Flour,Cream,Veal,Mirepoix_(cuisine),?,?,?,?,?,?,?,?,?,?,?,Other_region
Suncake_(Taiwan),Maltose,?,?,?,?,?,?,?,?,?,?,?,?,?,?,?,Other_region
Bhelpuri,Sev_(food),Puffed_rice,?,?,?,?,?,?,?,?,?,?,?,?,?,?,Other_region
Donkey_Burger,Donkey,Bread,?,?,?,?,?,?,?,?,?,?,?,?,?,?,Other_region
Caprese_salad,Mozzarella,Olive_oil,Basil,Tomato,Salt,?,?,?,?,?,?,?,?,?,?,?,Other_region
Satay,Skewer,?,?,?,?,?,?,?,?,?,?,?,?,?,?,?,Other_region
Macaroon,Egg_white,Almond,?,?,?,?,?,?,?,?,?,?,?,?,?,?,Other_region
Truffade,Potato,?,?,?,?,?,?,?,?,?,?,?,?,?,?,?,Other_region
Mekitsa,Flour,Yogurt,Egg_(food),Oil,Leavening_agent,?,?,?,?,?,?,?,?,?,?,?,Other_region
Punschkrapfen,Apricot,Nougat,Rum,?,?,?,?,?,?,?,?,?,?,?,?,?,Other_region
Kaymak,Water_buffalo,Milk,?,?,?,?,?,?,?,?,?,?,?,?,?,?,Other_region
Rfissa,Chicken,Lentil,Fenugreek,Ras_el_hanout,Msemen,?,?,?,?,?,?,?,?,?,?,?,Other_region
Pinjaram,Corn_starch,Rice_flour,Coconut_milk,Cooking_oil,?,?,?,?,?,?,?,?,?,?,?,?,Other_region
Jam_Roly-Poly,Suet,Fruit_preserves,?,?,?,?,?,?,?,?,?,?,?,?,?,?,Other_region
Pasembur,Crab,Turnip,Octopus,Seafood,Cucumber,Potato,Bean_sprout,Tofu,?,?,?,?,?,?,?,?,Other_region
Giouvetsi,Bay_leaf,Beef,Meat,Pasta,Tomato_sauce,Lamb_and_mutton,?,?,?,?,?,?,?,?,?,?,Other_region
Agemochi,Mochi,?,?,?,?,?,?,?,?,?,?,?,?,?,?,?,Other_region
Mango_pudding,Agar,Gelatin,Sugar,Mango,Evaporated_milk,?,?,?,?,?,?,?,?,?,?,?,Other_region
Kerala_pachadi,Rice,Cucumber,Mango,?,?,?,?,?,?,?,?,?,?,?,?,?,Other_region
Quiche,Custard,Cheese,Meat,Seafood,Vegetable,?,?,?,?,?,?,?,?,?,?,?,Other_region
Maconochie,Turnip,Carrot,Potato,?,?,?,?,?,?,?,?,?,?,?,?,?,Other_region
Black_bun,Cinnamon,Ginger,Zante_currant,Raisin,Black_pepper,Zest_(ingredient),Allspice,Almond,?,?,?,?,?,?,?,?,Other_region
Kenpi,Sweet_potato,?,?,?,?,?,?,?,?,?,?,?,?,?,?,?,Other_region
Agnolotti,Beef,Vegetable,?,?,?,?,?,?,?,?,?,?,?,?,?,?,Other_region
Nasi_kandar,Rice,?,?,?,?,?,?,?,?,?,?,?,?,?,?,?,Other_region
Pineapple_Lumps,Pineapple,Chocolate,Sugar,?,?,?,?,?,?,?,?,?,?,?,?,?,Other_region
Laksa,Rice_vermicelli,Coconut_milk,?,?,?,?,?,?,?,?,?,?,?,?,?,?,Other_region
Mortadella_sandwich,Mortadella,Bread,?,?,?,?,?,?,?,?,?,?,?,?,?,?,Other_region
Tandoor_bread,Flour,?,?,?,?,?,?,?,?,?,?,?,?,?,?,?,Other_region
Apam_balik,Butter,Flour,Sodium_bicarbonate,Sugar,Water,Baking_powder,Egg_(food),Margarine,Peanut,?,?,?,?,?,?,?,Other_region
Veda_bread,Wheat_flour,?,?,?,?,?,?,?,?,?,?,?,?,?,?,?,Other_region
Gypsy_tart,Pastry,Condensed_milk,Evaporated_milk,Brown_sugar,Muscovado,?,?,?,?,?,?,?,?,?,?,?,Other_region
Mi_san_dao,Flour,Maltose,Sodium_bicarbonate,Vegetable_oil,?,?,?,?,?,?,?,?,?,?,?,?,Other_region
Punsch-roll,Butter,Cocoa_bean,Marzipan,Chocolate,Cookie,Punsch,?,?,?,?,?,?,?,?,?,?,Other_region
Pavlova_(food),Fruit,Sucrose,Egg_(food),?,?,?,?,?,?,?,?,?,?,?,?,?,Other_region
Kuchmachi,Gizzard,Chicken,Pomegranate,?,?,?,?,?,?,?,?,?,?,?,?,?,Other_region
Faloodeh,Rose_water,Sugar,Vermicelli,?,?,?,?,?,?,?,?,?,?,?,?,?,Other_region
Mochi_ice_cream,Ice_cream,Mochi,Powdered_sugar,?,?,?,?,?,?,?,?,?,?,?,?,?,Other_region
Ros_omelette,Chili_pepper,Xacuti,Chickpea,?,?,?,?,?,?,?,?,?,?,?,?,?,Other_region
Enduri_Pitha,Coconut,Turmeric,Chhena,Jaggery,Rice_flour,Black_pepper,Vigna_mungo,?,?,?,?,?,?,?,?,?,Other_region
Pecel,Peanut_sauce,?,?,?,?,?,?,?,?,?,?,?,?,?,?,?,Other_region
Murukku,Rice_flour,?,?,?,?,?,?,?,?,?,?,?,?,?,?,?,Other_region
Osmania_Biscuit,Flour,Milk,Sugar,Salt,?,?,?,?,?,?,?,?,?,?,?,?,Other_region
Kirschenmichel,Butter,Milk,Sugar,Prunus_cerasus,Egg_(food),?,?,?,?,?,?,?,?,?,?,?,Other_region
Biryani,Meat,Rice,Dried_fruit,List_of_Indian_spices,Egg_(food),Vegetable,Curd,?,?,?,?,?,?,?,?,?,Other_region
Zapiekanka,Ketchup,Cheese,Bread,Mushroom,?,?,?,?,?,?,?,?,?,?,?,?,Other_region
Cheese_roll,Cheese,Bread,?,?,?,?,?,?,?,?,?,?,?,?,?,?,Other_region
Financier_(cake),Beurre_noisette,Almond,?,?,?,?,?,?,?,?,?,?,?,?,?,?,Other_region
Crispy_fried_chicken,Chicken,?,?,?,?,?,?,?,?,?,?,?,?,?,?,?,Other_region
Chivito_(sandwich),Bacon,Mayonnaise,Ham,Mozzarella,Bun,Tomato,Churrasco,Olive,Boiled_egg,?,?,?,?,?,?,?,Other_region
Amplang,Tapioca,Spice,Wahoo,Spanish_mackerel,?,?,?,?,?,?,?,?,?,?,?,?,Other_region
Nasi_goreng,Fried_rice,?,?,?,?,?,?,?,?,?,?,?,?,?,?,?,Other_region
Ayam_penyet,Fried_chicken,?,?,?,?,?,?,?,?,?,?,?,?,?,?,?,Other_region
Karelian_hot_pot,Beef,Meat,Black_pepper,Lamb_and_mutton,?,?,?,?,?,?,?,?,?,?,?,?,Other_region
Gaz_(candy),Corn_syrup,Rose_water,Sugar,Egg_white,Almond,Pistachio,?,?,?,?,?,?,?,?,?,?,Other_region
Cawl,Meat,Carrot,Potato,Rutabaga,?,?,?,?,?,?,?,?,?,?,?,?,Other_region
Ash_reshteh,Lentil,?,?,?,?,?,?,?,?,?,?,?,?,?,?,?,Other_region
Piyaz,Bean,Vegetable,Boiled_egg,?,?,?,?,?,?,?,?,?,?,?,?,?,Other_region
Ruske_kape,Coconut,Chocolate,?,?,?,?,?,?,?,?,?,?,?,?,?,?,Other_region
Bedfordshire_clanger,Suet,Fruit_preserves,?,?,?,?,?,?,?,?,?,?,?,?,?,?,Other_region
Boat_noodles,Cinnamon,Soy_sauce,Morning_glory,Garlic,Radish,Paprika,Bean_sprout,Salt,Parsley,Fermented_bean_curd,?,?,?,?,?,?,Other_region
Es_teler,Coconut,Condensed_milk,Shaved_ice,Jackfruit,Avocado,?,?,?,?,?,?,?,?,?,?,?,Other_region
Far_far,Sago,Potato_starch,?,?,?,?,?,?,?,?,?,?,?,?,?,?,Other_region
Barm_cake,Barm,?,?,?,?,?,?,?,?,?,?,?,?,?,?,?,Other_region
Rava_idli,Semolina,?,?,?,?,?,?,?,?,?,?,?,?,?,?,?,Other_region
Kheer,Cardamom,Milk,Rice,Almond,Pistachio,Saffron,?,?,?,?,?,?,?,?,?,?,Other_region
Ais_kacang,Shaved_ice,?,?,?,?,?,?,?,?,?,?,?,?,?,?,?,Other_region
Sfouf,Pine_nut,Sugar,Turmeric,Semolina,?,?,?,?,?,?,?,?,?,?,?,?,Other_region
Antipasto,Peperoncini,Anchovy,Cheese,Edible_mushroom,Artichoke,Olive,Curing_(food_preservation),?,?,?,?,?,?,?,?,?,Other_region
Pineapple_bun,Flour,Sugar,Lard,Egg_(food),?,?,?,?,?,?,?,?,?,?,?,?,Other_region
Tandoor_bread,Flour,?,?,?,?,?,?,?,?,?,?,?,?,?,?,?,Other_region
Moorkop,Chocolate,Profiterole,Whipped_cream,?,?,?,?,?,?,?,?,?,?,?,?,?,Other_region
Khinkali,Beef,Garlic,Onion,Potato,Pork,Lamb_and_mutton,Herb,Edible_mushroom,?,?,?,?,?,?,?,?,Other_region
Nam_khao,Coconut,Fish_sauce,Scallion,Lamiaceae,Rice,Coriander,Lime_(fruit),Peanut,Som_moo,?,?,?,?,?,?,?,Other_region
Soup_alla_modenese,Butter,Nutmeg,Spinach,Parmesan,Crouton,Salt,Egg_(food),Stock_(food),?,?,?,?,?,?,?,?,Other_region
Sandesh_(confectionery),Condensed_milk,Sugar,Jaggery,Paneer,?,?,?,?,?,?,?,?,?,?,?,?,Other_region
Sabudana_Khichadi,Chili_pepper,Coconut,Peanut,Ghee,Pearl_Tapioca,?,?,?,?,?,?,?,?,?,?,?,Other_region
Chinsuko,Flour,Lard,?,?,?,?,?,?,?,?,?,?,?,?,?,?,Other_region
Lamban,Glutinous_rice,?,?,?,?,?,?,?,?,?,?,?,?,?,?,?,Other_region
Kho_(cooking_technique),Coconut,Fish_sauce,Beef,Sugar,?,?,?,?,?,?,?,?,?,?,?,?,Other_region
Pan-bagnat,White_bread,Anchovy,Olive_oil,Onion,Tomato,Pain_de_campagne,Black_pepper,Egg_(food),Olive,Salad_Niçoise,?,?,?,?,?,?,Other_region
Speculoos,Cardamom,Cinnamon,Clove,Flour,Ginger,Nutmeg,Black_pepper,?,?,?,?,?,?,?,?,?,Other_region
Chongyang_Cake,Chestnut,Rice_flour,Almond,Jujube,?,?,?,?,?,?,?,?,?,?,?,?,Other_region
Nougat,Chocolate,Honey,Sugar,Hazelnut,Nut_(fruit),Walnut,Egg_white,Pistachio,Candied_fruit,?,?,?,?,?,?,?,Other_region
Jala_(kuih),Rice_flour,Cooking_oil,Palm_sugar,?,?,?,?,?,?,?,?,?,?,?,?,?,Other_region
Aloo_tikki,Onion,Potato,?,?,?,?,?,?,?,?,?,?,?,?,?,?,Other_region
Khebz,Flour,Water,?,?,?,?,?,?,?,?,?,?,?,?,?,?,Other_region
Gnocchi,Cheese,Potato,Egg_(food),Bread_crumbs,Wheat_flour,?,?,?,?,?,?,?,?,?,?,?,Other_region
Oden,Soy_sauce,Daikon,Konjac,Fishcake,Egg_(food),?,?,?,?,?,?,?,?,?,?,?,Other_region
Bouillabaisse,Scorpaenidae,Spice,European_conger,Sea_robin,Fish_as_food,Herb,?,?,?,?,?,?,?,?,?,?,Other_region
Moretum,Cheese,Vinegar,Salt,Oil,Herb,?,?,?,?,?,?,?,?,?,?,?,Other_region
Frangollo,Butter,Cinnamon,Milk,Millet,Sugar,Maize,Raisin,Egg_(food),Almond,Lemon,?,?,?,?,?,?,Other_region
Patatnik,Spearmint,Onion,Potato,Salt,Egg_(food),?,?,?,?,?,?,?,?,?,?,?,Other_region
Mi_rebus,Gravy,Noodle,Curry_powder,Shrimp,Water,Soybean,Peanut,?,?,?,?,?,?,?,?,?,Other_region
Saltah,Garlic,Tomato,Skhug,Herb,Fenugreek,?,?,?,?,?,?,?,?,?,?,?,Other_region
Macaroon,Egg_white,Almond,?,?,?,?,?,?,?,?,?,?,?,?,?,?,Other_region
Puri_(food),Atta_flour,?,?,?,?,?,?,?,?,?,?,?,?,?,?,?,Other_region
Es_buah,Papaya,Pineapple,Syrup,Honeydew_(melon),?,?,?,?,?,?,?,?,?,?,?,?,Other_region
Hojuela,Flour,Sugar,Egg_(food),?,?,?,?,?,?,?,?,?,?,?,?,?,Other_region
Khichdi,Rice,Spice,Lentil,?,?,?,?,?,?,?,?,?,?,?,?,?,Other_region
Machher_Jhol,Seasoning,Potato,Tomato,Fish,?,?,?,?,?,?,?,?,?,?,?,?,Other_region
Kabkabou,Tomato_paste,Olive_oil,Garlic,Onion,Caper,Cumin,Saffron,Harissa,?,?,?,?,?,?,?,?,Other_region
Belgian_waffle,Butter,Flour,Milk,Sugar,Baking_powder,Egg_(food),?,?,?,?,?,?,?,?,?,?,Other_region
Tiramisu,Mascarpone,Coffee,Ladyfinger_(biscuit),Cocoa_solids,Yolk,?,?,?,?,?,?,?,?,?,?,?,Other_region
Soyo_(Paraguay),Meat,Spice,Vegetable,?,?,?,?,?,?,?,?,?,?,?,?,?,Other_region
Hainanese_chicken_rice,Chicken,?,?,?,?,?,?,?,?,?,?,?,?,?,?,?,Other_region
Pasanda,Meat,?,?,?,?,?,?,?,?,?,?,?,?,?,?,?,Other_region
Mousse,Chocolate,Whipped_cream,Egg_white,?,?,?,?,?,?,?,?,?,?,?,?,?,Other_region
Budu_(sauce),Anchovy,?,?,?,?,?,?,?,?,?,?,?,?,?,?,?,Other_region
Bagnun,Anchovy,Bread,Olive_oil,Onion,Tomato,?,?,?,?,?,?,?,?,?,?,?,Other_region
Memiljeon,Buckwheat,Kimchi,?,?,?,?,?,?,?,?,?,?,?,?,?,?,Other_region
Bahulu,Sugar,Baking_powder,Egg_(food),Wheat_flour,?,?,?,?,?,?,?,?,?,?,?,?,Other_region
Cincin,Sugar,Water,Cyrtostachys_renda,Rice_flour,Cooking_oil,Palm_sugar,?,?,?,?,?,?,?,?,?,?,Other_region
Eggies,Butter,Flour,Sugar,Evaporated_milk,Egg_(food),?,?,?,?,?,?,?,?,?,?,?,Other_region
Sohan_Asali,Honey,Sugar,Nut_(fruit),Almond,Saffron,?,?,?,?,?,?,?,?,?,?,?,Other_region
Roast_goose,Goose,?,?,?,?,?,?,?,?,?,?,?,?,?,?,?,Other_region
Pupusa,Refried_beans,Cheese,?,?,?,?,?,?,?,?,?,?,?,?,?,?,Other_region
Viscount_(biscuit),Biscuit,Types_of_chocolate,?,?,?,?,?,?,?,?,?,?,?,?,?,?,Other_region
Tandoor_bread,Flour,?,?,?,?,?,?,?,?,?,?,?,?,?,?,?,Other_region
Dundee_cake,Zante_currant,Sultana_(grape),Almond,?,?,?,?,?,?,?,?,?,?,?,?,?,Other_region
Cock-a-leekie_soup,Leek,Stock_(food),Prune,?,?,?,?,?,?,?,?,?,?,?,?,?,Other_region
Panpepato,Cinnamon,Pine_nut,Nutmeg,Hazelnut,Black_pepper,Lime_(fruit),Zest_(ingredient),Almond,?,?,?,?,?,?,?,?,Other_region
Krupnik_(soup),Barley,Potato,Broth,?,?,?,?,?,?,?,?,?,?,?,?,?,Other_region
Zakuski,Salad,Open_sandwich,Pirozhki,Caviar,Cheese,Bread,Cold_cut,Pickling,Cured_fish,Pihtije,Canapé,?,?,?,?,?,Other_region
Kochi_(kuih),Glutinous_rice,?,?,?,?,?,?,?,?,?,?,?,?,?,?,?,Other_region
Israeli_eggplant_salad,Mayonnaise,Garlic,Eggplant,?,?,?,?,?,?,?,?,?,?,?,?,?,Other_region
Pho,Beef,Chicken_(food),Rice_noodles,?,?,?,?,?,?,?,?,?,?,?,?,?,Other_region
Kommissbrot,Rye,Wheat_flour,?,?,?,?,?,?,?,?,?,?,?,?,?,?,Other_region
Cozido,Meat,Vegetable,?,?,?,?,?,?,?,?,?,?,?,?,?,?,Other_region
Lihapiirakka,Rice,?,?,?,?,?,?,?,?,?,?,?,?,?,?,?,Other_region
Proja,Mineral_water,Baking_powder,Oil,Cornmeal,?,?,?,?,?,?,?,?,?,?,?,?,Other_region
Pathar-ka-Gosht,Lamb_and_mutton,?,?,?,?,?,?,?,?,?,?,?,?,?,?,?,Other_region
Mohinga,Catfish,Fish_sauce,Ginger,Gram_flour,Garlic,Onion,Cymbopogon,Ngapi,?,?,?,?,?,?,?,?,Other_region
Kaju_Katli,Cashew,Sugar,Ghee,?,?,?,?,?,?,?,?,?,?,?,?,?,Other_region
Chinese_sausage,Pork,?,?,?,?,?,?,?,?,?,?,?,?,?,?,?,Other_region
Piadina,Flour,Olive_oil,Lard,?,?,?,?,?,?,?,?,?,?,?,?,?,Other_region
Garbure,Cabbage,Ham,Cheese,Staling,?,?,?,?,?,?,?,?,?,?,?,?,Other_region
Chhundo,Sugar,Mango,?,?,?,?,?,?,?,?,?,?,?,?,?,?,Other_region
Sabaayad,Flour,Water,Salt,?,?,?,?,?,?,?,?,?,?,?,?,?,Other_region
Soy_sauce_chicken,Soy_sauce,Chicken,?,?,?,?,?,?,?,?,?,?,?,?,?,?,Other_region
Bhatoora,Flour,Yogurt,Yeast,Ghee,?,?,?,?,?,?,?,?,?,?,?,?,Other_region
Jjolmyeon,Noodle,Sauce,Starch,Vinegar,Garlic,Vegetable,?,?,?,?,?,?,?,?,?,?,Other_region
Otak-otak,Fish_as_food,?,?,?,?,?,?,?,?,?,?,?,?,?,?,?,Other_region
Chikuzenni,Shiitake,Arctium,Carrot,Nelumbo_nucifera,Snap_pea,Dashi,Chicken_(food),?,?,?,?,?,?,?,?,?,Other_region
Rumtopf,Fruit,Sugar,Rum,?,?,?,?,?,?,?,?,?,?,?,?,?,Other_region
Panipuri,Flour,Chickpea,Onion,Potato,?,?,?,?,?,?,?,?,?,?,?,?,Other_region
Kharcho,Goose,Beef,Rice,Pork,Lamb_and_mutton,Walnut,Chicken_(food),?,?,?,?,?,?,?,?,?,Other_region
Pomegranate_soup,Mentha,Spice,Split_pea,Pomegranate_juice,?,?,?,?,?,?,?,?,?,?,?,?,Other_region
Masgouf,Carp,Arabibarbus_grypus,?,?,?,?,?,?,?,?,?,?,?,?,?,?,Other_region
Matnakash,Sourdough,Bakers_yeast,Wheat_flour,?,?,?,?,?,?,?,?,?,?,?,?,?,Other_region
Thong_yip,Egg_(food),?,?,?,?,?,?,?,?,?,?,?,?,?,?,?,Other_region
Cappon_magro,Seafood,Hardtack,Vegetable,?,?,?,?,?,?,?,?,?,?,?,?,?,Other_region
Salad_cream,Vinegar,Oil,Yolk,?,?,?,?,?,?,?,?,?,?,?,?,?,Other_region
Colocasia_with_lamb,Taro,Lamb_and_mutton,?,?,?,?,?,?,?,?,?,?,?,?,?,?,Other_region
Dolma,Rice,Vitis,Stuffed_peppers,?,?,?,?,?,?,?,?,?,?,?,?,?,Other_region
Tabbouleh,Bulgur,Tomato,Parsley,?,?,?,?,?,?,?,?,?,?,?,?,?,Other_region
Mandarin_roll,Sugar,Water,Shortening,Powdered_milk,Wheat_flour,Soy_bean_oil,?,?,?,?,?,?,?,?,?,?,Other_region
Kalathappam,Cashew,Coconut,Shallot,Jaggery,Rice_flour,?,?,?,?,?,?,?,?,?,?,?,Other_region
Boston_bun,Icing_(food),?,?,?,?,?,?,?,?,?,?,?,?,?,?,?,Other_region
Yule_log_(cake),Chocolate,Icing_(food),Sponge_cake,Genoise,?,?,?,?,?,?,?,?,?,?,?,?,Other_region
Espasol,Coconut,Rice_flour,Coconut_milk,?,?,?,?,?,?,?,?,?,?,?,?,?,Other_region
Escargot,Snail,Garlic_butter,?,?,?,?,?,?,?,?,?,?,?,?,?,?,Other_region
Khandvi_(food),Yogurt,Gram_flour,?,?,?,?,?,?,?,?,?,?,?,?,?,?,Other_region
Barbajuan,Flour,Parmigiano-Reggiano,Olive_oil,Onion,Spinach,Ricotta,Chard,Leek,Egg_(food),Egg_white,?,?,?,?,?,?,Other_region
Kappa_Ebisen,Shrimp,Starch,Sugar,Vegetable_oil,Wheat_flour,?,?,?,?,?,?,?,?,?,?,?,Other_region
Ajethna,Beetroot,Momordica_charantia,Green_bean,Vegetable,Trichosanthes_cucumerina,?,?,?,?,?,?,?,?,?,?,?,Other_region
Espasol,Coconut,Rice_flour,Coconut_milk,?,?,?,?,?,?,?,?,?,?,?,?,?,Other_region
Samosa,Chili_pepper,Cheese,Beef,Meat,Spice,Onion,Pea,Potato,Maida_flour,?,?,?,?,?,?,?,Other_region
Apple_butter,Apple,Cider,?,?,?,?,?,?,?,?,?,?,?,?,?,?,Other_region
Black_Forest_cake,Prunus_cerasus,Kirsch,Whipped_cream,Chocolate_cake,?,?,?,?,?,?,?,?,?,?,?,?,Other_region
Bruschetta,Bean,Cheese,Bread,Olive_oil,Garlic,Tomato,Vegetable,Curing_(food_preservation),?,?,?,?,?,?,?,?,Other_region
Lukhmi,Flour,Yogurt,Mincemeat,?,?,?,?,?,?,?,?,?,?,?,?,?,Other_region
Tanghulu,Syrup,Chocolate,Sprinkles,Candied_fruit,?,?,?,?,?,?,?,?,?,?,?,?,Other_region
Raspeball,Potato,?,?,?,?,?,?,?,?,?,?,?,?,?,?,?,Other_region
Karelian_hot_pot,Beef,Meat,Black_pepper,Lamb_and_mutton,?,?,?,?,?,?,?,?,?,?,?,?,Other_region
Bolognese_sauce,Tomato_paste,Veal,Wine,Carrot,Celery,Onion,Pork,Ground_meat,?,?,?,?,?,?,?,?,Other_region
Greek_salad,Feta,Olive_oil,Cucumber,Onion,Oregano,Tomato,Salt,Olive,?,?,?,?,?,?,?,?,Other_region
Cachupa,Bean,Beef,Meat,Fish,Chicken_(food),Goat_meat,?,?,?,?,?,?,?,?,?,?,Other_region
Satay,Skewer,?,?,?,?,?,?,?,?,?,?,?,?,?,?,?,Other_region
Prusurate,Fruit,Milk,Sugar,Dough,?,?,?,?,?,?,?,?,?,?,?,?,Other_region
Rich_tea,Malt,Sugar,Vegetable_oil,Wheat_flour,?,?,?,?,?,?,?,?,?,?,?,?,Other_region
Keillers_marmalade,Orange_(fruit),?,?,?,?,?,?,?,?,?,?,?,?,?,?,?,Other_region
Mahallebi,Rose_water,Wheat_flour,?,?,?,?,?,?,?,?,?,?,?,?,?,?,Other_region
Oblaat,Starch,?,?,?,?,?,?,?,?,?,?,?,?,?,?,?,Other_region
Ploughmans_lunch,Bread,?,?,?,?,?,?,?,?,?,?,?,?,?,?,?,Other_region
Dal_biji,Gram_flour,Cantaloupe,Muskmelon,?,?,?,?,?,?,?,?,?,?,?,?,?,Other_region
Pasanda,Meat,?,?,?,?,?,?,?,?,?,?,?,?,?,?,?,Other_region
Pesek_Zman,Chocolate,?,?,?,?,?,?,?,?,?,?,?,?,?,?,?,Other_region
Hapanvelli,Pea,Potato,Rye,?,?,?,?,?,?,?,?,?,?,?,?,?,Other_region
Bandeja_paisa,Kidney_bean,Chorizo,Fried_egg,Black_pudding,Cooking_plantain,Rice,Arepa,Ground_meat,Pork_belly,Hogao,Avocado,Lemon,Chicharrón,?,?,?,Other_region
Sugar_mice,Seasoning,Golden_syrup,Food_coloring,Egg_white,Powdered_sugar,?,?,?,?,?,?,?,?,?,?,?,Other_region
Guilinggao,Chinese_herbology,Turtle_shell,?,?,?,?,?,?,?,?,?,?,?,?,?,?,Other_region
Sandesh_(confectionery),Condensed_milk,Sugar,Jaggery,Paneer,?,?,?,?,?,?,?,?,?,?,?,?,Other_region
Harput_meatballs,Tomato_paste,Spice,Ground_beef,Parsley,?,?,?,?,?,?,?,?,?,?,?,?,Other_region
Caraway_seed_cake,Flour,Caraway,Egg_(food),?,?,?,?,?,?,?,?,?,?,?,?,?,Other_region
Cremeschnitte,Custard,Puff_pastry,Vanilla,?,?,?,?,?,?,?,?,?,?,?,?,?,Other_region
Espetada,Meat,?,?,?,?,?,?,?,?,?,?,?,?,?,?,?,Other_region
Ukha,Potato,Salmon_as_food,Leek,Fish_as_food,List_of_root_vegetables,Cod_as_food,?,?,?,?,?,?,?,?,?,?,Other_region
Pio_Quinto,Cake,Cinnamon,Custard,Rum,?,?,?,?,?,?,?,?,?,?,?,?,Other_region
Florentine_biscuit,Caramel,Types_of_chocolate,Nut_(fruit),Candied_fruit,?,?,?,?,?,?,?,?,?,?,?,?,Other_region
Red_pudding,Bacon,Suet,Fat,Beef,Spice,Pork,Pork_rind,Wheat_flour,Rusk,?,?,?,?,?,?,?,Other_region
Fasolada,Olive_oil,Vegetable,Phaseolus_vulgaris,?,?,?,?,?,?,?,?,?,?,?,?,?,Other_region
Kalamay,Coconut_milk,Brown_sugar,Glutinous_rice,?,?,?,?,?,?,?,?,?,?,?,?,?,Other_region
Ratatouille,Bell_pepper,Zucchini,Basil,Garlic,Onion,Tomato,Vegetable,Eggplant,Marjoram,?,?,?,?,?,?,?,Other_region
Almond_biscuit,Almond,?,?,?,?,?,?,?,?,?,?,?,?,?,?,?,Other_region
Nasi_goreng,Fried_rice,?,?,?,?,?,?,?,?,?,?,?,?,?,?,?,Other_region
Alicot,Poultry,?,?,?,?,?,?,?,?,?,?,?,?,?,?,?,Other_region
Baleada,Bean,Wheat_flour,?,?,?,?,?,?,?,?,?,?,?,?,?,?,Other_region
Steak_and_kidney_pie,Gravy,Beef,Kidney,Onion,?,?,?,?,?,?,?,?,?,?,?,?,Other_region
Kulfi,Milk,?,?,?,?,?,?,?,?,?,?,?,?,?,?,?,Other_region
Boquerones_en_vinagre,Anchovy,Olive_oil,Vinegar,Garlic,Parsley,?,?,?,?,?,?,?,?,?,?,?,Other_region
Ostkaka,Cream,Rennet,Milk,Sugar,Egg_(food),Almond,?,?,?,?,?,?,?,?,?,?,Other_region
Kaipen,Green_algae,Vegetable,Sesame,?,?,?,?,?,?,?,?,?,?,?,?,?,Other_region
Sans_rival,Cashew,Meringue,Buttercream,?,?,?,?,?,?,?,?,?,?,?,?,?,Other_region
Burebrot,Flour,Milk,Water,Wheat,Bakers_yeast,?,?,?,?,?,?,?,?,?,?,?,Other_region
Bak_kut_teh,Cinnamon,Clove,Fennel,Garlic,Broth,Pork_ribs,Angelica_sinensis,Illicium_verum,?,?,?,?,?,?,?,?,Other_region
Kalitsounia,Flour,Honey,Mizithra,?,?,?,?,?,?,?,?,?,?,?,?,?,Other_region
Pad_Thai,Chili_pepper,Fish_sauce,Shrimp,Shallot,Garlic,Jaggery,Tamarind,Egg_(food),Lime_(fruit),Peanut,Tofu,Rice_noodles,?,?,?,?,Other_region
Soup_alla_Canavese,Bacon,Butter,Sodium_chloride,Cauliflower,Carrot,Celery,Onion,Salvia_officinalis,Tomato,Parmesan,Black_pepper,Stock_(food),Parsley,?,?,?,Other_region
Hachis_Parmentier,Sauce_lyonnaise,Meat,Potato,?,?,?,?,?,?,?,?,?,?,?,?,?,Other_region
Krakowska,Pork,?,?,?,?,?,?,?,?,?,?,?,?,?,?,?,Other_region
Aush,Noodle,Broth,Strained_yogurt,Vegetable,?,?,?,?,?,?,?,?,?,?,?,?,Other_region
Phat_si-io,Kai-lan,Beef,Shahe_fen,Pork,Egg_(food),Chicken_(food),?,?,?,?,?,?,?,?,?,?,Other_region
Escudella_i_carn_dolla,Meatball,Vegetable,?,?,?,?,?,?,?,?,?,?,?,?,?,?,Other_region
White_cut_chicken,Ginger,Scallion,Chicken,Coriander,?,?,?,?,?,?,?,?,?,?,?,?,Other_region
Kubaneh,Butter,Flour,Sugar,Water,Salt,Bakers_yeast,Vegetable_oil,?,?,?,?,?,?,?,?,?,Other_region
Larb,Beef,Duck,Meat,Pork,Turkey,Fish,?,?,?,?,?,?,?,?,?,?,Other_region
Czernina,Chicken,Pig,Broth,Rabbit,Blood_as_food,?,?,?,?,?,?,?,?,?,?,?,Other_region
Dorayaki,Castella,Red_bean_paste,?,?,?,?,?,?,?,?,?,?,?,?,?,?,Other_region
Tompouce,Custard,Puff_pastry,Icing_(food),?,?,?,?,?,?,?,?,?,?,?,?,?,Other_region
Speculoos,Cardamom,Cinnamon,Clove,Flour,Ginger,Nutmeg,Black_pepper,?,?,?,?,?,?,?,?,?,Other_region
Romesco,Bell_pepper,Garlic,Nut_(fruit),?,?,?,?,?,?,?,?,?,?,?,?,?,Other_region
Coddle,Bacon,Onion,Potato,?,?,?,?,?,?,?,?,?,?,?,?,?,Other_region
Fritule,Brandy,Raisin,Batter_(cooking),Zest_(ingredient),Powdered_sugar,?,?,?,?,?,?,?,?,?,?,?,Other_region
Malapua_(dessert),Coconut,Flour,Sugar,Rice_flour,?,?,?,?,?,?,?,?,?,?,?,?,Other_region
Kranjska_klobasa,Garlic,Pork,?,?,?,?,?,?,?,?,?,?,?,?,?,?,Other_region
Kaya_toast,Coconut_jam,?,?,?,?,?,?,?,?,?,?,?,?,?,?,?,Other_region
Dahi_baigana,Fennel,Mustard_seed,Curd,Vegetable_oil,Eggplant,Fenugreek,Ghee,List_of_edible_seeds,?,?,?,?,?,?,?,?,Other_region
Nasi_tumpang,Omelette,Rice,?,?,?,?,?,?,?,?,?,?,?,?,?,?,Other_region
Chicken_tikka_masala,Chili_pepper,Coconut,Ginger,Yogurt,Cream,Garlic,Onion,Tomato,Chicken_(food),?,?,?,?,?,?,?,Other_region
Satay,Skewer,?,?,?,?,?,?,?,?,?,?,?,?,?,?,?,Other_region
Irish_stew,Carrot,Onion,Potato,Lamb_and_mutton,Parsley,?,?,?,?,?,?,?,?,?,?,?,Other_region
Ischoklad,Chocolate,Coconut_oil,?,?,?,?,?,?,?,?,?,?,?,?,?,?,Other_region
Frazzles,Maize,?,?,?,?,?,?,?,?,?,?,?,?,?,?,?,Other_region
Hyderabadi_biriyani,Meat,Spice,Basmati,?,?,?,?,?,?,?,?,?,?,?,?,?,Other_region
Curry_Mee,Chili_pepper,Noodle,Rice_vermicelli,Mentha,Sambal,Coconut_milk,Egg_(food),Chicken_(food),Cuttlefish,Tofu,Prawn,?,?,?,?,?,Other_region
Pappa_al_pomodoro,Bread,Olive_oil,Basil,Garlic,Tomato,?,?,?,?,?,?,?,?,?,?,?,Other_region
Kalakukko,Salmon,Coregonus_albula,European_perch,?,?,?,?,?,?,?,?,?,?,?,?,?,Other_region
Pastisset,Flour,Anisette,Olive_oil,Muscat_(grape),Egg_(food),?,?,?,?,?,?,?,?,?,?,?,Other_region
Arisa_Pitha,Cinnamon,Rice,Sugar,?,?,?,?,?,?,?,?,?,?,?,?,?,Other_region
Red_bean_ice,Rock_sugar,Adzuki_bean,Evaporated_milk,?,?,?,?,?,?,?,?,?,?,?,?,?,Other_region
Flamiche,Leek,?,?,?,?,?,?,?,?,?,?,?,?,?,?,?,Other_region
Biscotti_Regina,Sesame,?,?,?,?,?,?,?,?,?,?,?,?,?,?,?,Other_region
Garudiya,Tuna,?,?,?,?,?,?,?,?,?,?,?,?,?,?,?,Other_region
Chakuli_pitha,Mustard_oil,Rice_flour,Salt,Ghee,Vigna_mungo,?,?,?,?,?,?,?,?,?,?,?,Other_region
Shahi_paneer,Cream,Spice,Tomato,Paneer,?,?,?,?,?,?,?,?,?,?,?,?,Other_region
Mung_bean_sheets,Mung_bean,?,?,?,?,?,?,?,?,?,?,?,?,?,?,?,Other_region
Bouillon_(soup),Cabbage,Kelp,Cooking_plantain,Meat,Celery,Potato,Yam_(vegetable),?,?,?,?,?,?,?,?,?,Other_region
Gulab_jamun,Saffron,Khoa,?,?,?,?,?,?,?,?,?,?,?,?,?,?,Other_region
Baghara_baingan,Spice,Eggplant,?,?,?,?,?,?,?,?,?,?,?,?,?,?,Other_region
Cinnamon_roll,Butter,Cinnamon,Flour,Sugar,?,?,?,?,?,?,?,?,?,?,?,?,Other_region
Dal_makhani,Rajma,Vigna_mungo,?,?,?,?,?,?,?,?,?,?,?,?,?,?,Other_region
Chickpea_bread,Chickpea,?,?,?,?,?,?,?,?,?,?,?,?,?,?,?,Other_region
Binignit,Sago,Taro,Banana,Sweet_potato,Coconut_milk,?,?,?,?,?,?,?,?,?,?,?,Other_region
Hellimli,Halloumi,?,?,?,?,?,?,?,?,?,?,?,?,?,?,?,Other_region
Cervelle_de_canut,Fromage_blanc,Olive_oil,Shallot,Vinegar,Salt,Black_pepper,Herb,?,?,?,?,?,?,?,?,?,Other_region
Poriyal,Spice,Vegetable,?,?,?,?,?,?,?,?,?,?,?,?,?,?,Other_region
Coronation_chicken,Mayonnaise,Spice,Chicken_(food),Herb,?,?,?,?,?,?,?,?,?,?,?,?,Other_region
Ajoblanco,Bread,Olive_oil,Water,Garlic,Almond,?,?,?,?,?,?,?,?,?,?,?,Other_region
Puri_bhaji,Puri_(food),Aloo,?,?,?,?,?,?,?,?,?,?,?,?,?,?,Other_region
Kabanos,Pork,Turkey,?,?,?,?,?,?,?,?,?,?,?,?,?,?,Other_region
Rum_baba,Butter,Milk,Egg_(food),Rum,?,?,?,?,?,?,?,?,?,?,?,?,Other_region
Speckkuchen,Bacon,Onion,Leek,Egg_(food),?,?,?,?,?,?,?,?,?,?,?,?,Other_region
Shchi,Cabbage,Sauerkraut,?,?,?,?,?,?,?,?,?,?,?,?,?,?,Other_region
Huff_paste,Flour,Suet,?,?,?,?,?,?,?,?,?,?,?,?,?,?,Other_region
Nasi_goreng,Fried_rice,?,?,?,?,?,?,?,?,?,?,?,?,?,?,?,Other_region
Smulpaj,Butter,Sugar,Rhubarb,Bilberry,Oatmeal,Apple,Wheat_flour,?,?,?,?,?,?,?,?,?,Other_region
Belekoy,Flour,Sugar,Vanilla,Sesame,?,?,?,?,?,?,?,?,?,?,?,?,Other_region
Khakhra,Vigna_aconitifolia,Wheat_flour,?,?,?,?,?,?,?,?,?,?,?,?,?,?,Other_region
Carbonade_flamande,Bay_leaf,Beer,Beef,Thyme,Onion,?,?,?,?,?,?,?,?,?,?,?,Other_region
Laksa,Rice_vermicelli,Coconut_milk,?,?,?,?,?,?,?,?,?,?,?,?,?,?,Other_region
Dal_makhani,Rajma,Vigna_mungo,?,?,?,?,?,?,?,?,?,?,?,?,?,?,Other_region
Steak_pie,Gravy,Pastry,Steak,?,?,?,?,?,?,?,?,?,?,?,?,?,Other_region
French_onion_soup,Cheese,Onion,Crouton,Stock_(food),?,?,?,?,?,?,?,?,?,?,?,?,Other_region
Queijada,Cheese,Milk,Sugar,Egg,?,?,?,?,?,?,?,?,?,?,?,?,Other_region
Chinese_steamed_eggs,Scallion,Chicken,Dried_shrimp,Century_egg,?,?,?,?,?,?,?,?,?,?,?,?,Other_region
Neapolitan_sauce,Garlic,Onion,Tomato,Herb,?,?,?,?,?,?,?,?,?,?,?,?,Other_region
Fish-shaped_pastry,Red_bean_paste,?,?,?,?,?,?,?,?,?,?,?,?,?,?,?,Other_region
Empanada,Pastry,Stuffing,?,?,?,?,?,?,?,?,?,?,?,?,?,?,Other_region
Proja,Mineral_water,Baking_powder,Oil,Cornmeal,?,?,?,?,?,?,?,?,?,?,?,?,Other_region
Orange_cuttlefish,Cuttlefish,?,?,?,?,?,?,?,?,?,?,?,?,?,?,?,Other_region
Fondue,Seasoning,Cheese,Garlic,Kirsch,White_wine,?,?,?,?,?,?,?,?,?,?,?,Other_region
Calzone,Salami,Parmigiano-Reggiano,Pecorino,Mozzarella,Ricotta,?,?,?,?,?,?,?,?,?,?,?,Other_region
Lupis_(food),Coconut,Glutinous_rice,Palm_sugar,?,?,?,?,?,?,?,?,?,?,?,?,?,Other_region
Wonton_noodles,Flour,Shrimp,Pork,Egg_(food),?,?,?,?,?,?,?,?,?,?,?,?,Other_region
Pancit_estacion,Annatto,Tinapa,Mung_bean,Kamias,?,?,?,?,?,?,?,?,?,?,?,?,Other_region
Guoba,Rice,?,?,?,?,?,?,?,?,?,?,?,?,?,?,?,Other_region
Meat_pie_(Australia_and_New_Zealand),Gravy,Ground_beef,?,?,?,?,?,?,?,?,?,?,?,?,?,?,Other_region
Sukhdi,Jaggery,Ghee,Wheat_flour,?,?,?,?,?,?,?,?,?,?,?,?,?,Other_region
Maggi_goreng,Instant_noodle,?,?,?,?,?,?,?,?,?,?,?,?,?,?,?,Other_region
Naryn_(dish),Noodle,Horse_meat,?,?,?,?,?,?,?,?,?,?,?,?,?,?,Other_region
Oil_noodles,Salt,Sodium_benzoate,Egg_(food),Egg_white,Wheat_flour,Corn_oil,?,?,?,?,?,?,?,?,?,?,Other_region
Chapea,Cooking_plantain,Rice,Cucurbita,Longaniza,?,?,?,?,?,?,?,?,?,?,?,?,Other_region
Soused_herring,Herring,Spice,Sugar,Tea,Vinegar,Wine,Herb,Cider,?,?,?,?,?,?,?,?,Other_region
Chorley_cake,Shortcrust_pastry,Raisin,?,?,?,?,?,?,?,?,?,?,?,?,?,?,Other_region
Mooncake,Lard,Red_bean_paste,Vegetable_oil,Lotus_seed_paste,?,?,?,?,?,?,?,?,?,?,?,?,Other_region
Veg_kolhapuri,Vegetable,?,?,?,?,?,?,?,?,?,?,?,?,?,?,?,Other_region
Ravioli,Flour,Water,Egg_(food),?,?,?,?,?,?,?,?,?,?,?,?,?,Other_region
Torta_caprese,Butter,Chocolate,Sugar,Egg_white,Almond,Yolk,?,?,?,?,?,?,?,?,?,?,Other_region
Skirts_and_kidneys,Pork,?,?,?,?,?,?,?,?,?,?,?,?,?,?,?,Other_region
Torta_alla_Monferrina,Chocolate,Sugar,Common_fig,Egg_(food),Amaretto_(disambiguation),Rum,Apple,Pumpkin,?,?,?,?,?,?,?,?,Other_region
Sakuramochi,Mochi,Cherry_blossom,Red_bean_paste,?,?,?,?,?,?,?,?,?,?,?,?,?,Other_region
Kouign_patatez,Flour,Potato,?,?,?,?,?,?,?,?,?,?,?,?,?,?,Other_region
Tepsi_Baytinijan,Meatball,Garlic,Onion,Potato,Tomato,Eggplant,?,?,?,?,?,?,?,?,?,?,Other_region
Kushari,Macaroni,Rice,?,?,?,?,?,?,?,?,?,?,?,?,?,?,Other_region
Pitepalt,Wheat,Barley,Potato,Salt,?,?,?,?,?,?,?,?,?,?,?,?,Other_region
Yusheng,Salmon,?,?,?,?,?,?,?,?,?,?,?,?,?,?,?,Other_region
Sher_Berinj,Rose_water,Almond,Pistachio,?,?,?,?,?,?,?,?,?,?,?,?,?,Other_region
Mandi_(food),Meat,Rice,Spice,Chicken_(food),?,?,?,?,?,?,?,?,?,?,?,?,Other_region
Pain_aux_raisins,Custard,Pastry,Raisin,?,?,?,?,?,?,?,?,?,?,?,?,?,Other_region
Lor_mee,Fishcake,Ngo_hiang,?,?,?,?,?,?,?,?,?,?,?,?,?,?,Other_region
Tensoba,Noodle,Tempura,?,?,?,?,?,?,?,?,?,?,?,?,?,?,Other_region
Lumpia,Meat,Vegetable,Crêpe,?,?,?,?,?,?,?,?,?,?,?,?,?,Other_region
Dalcha,Ginger,Dal,Garlic,Lamb_and_mutton,?,?,?,?,?,?,?,?,?,?,?,?,Other_region
Jal-jeera,Ginger,Mentha,Water,Black_pepper,Cumin,?,?,?,?,?,?,?,?,?,?,?,Other_region
Soba,Water,Buckwheat,?,?,?,?,?,?,?,?,?,?,?,?,?,?,Other_region
Chocolate_fish,Marshmallow,Types_of_chocolate,?,?,?,?,?,?,?,?,?,?,?,?,?,?,Other_region
Streusel,Butter,Flour,Sugar,?,?,?,?,?,?,?,?,?,?,?,?,?,Other_region
Ploatz,Rye,?,?,?,?,?,?,?,?,?,?,?,?,?,?,?,Other_region
Zeppole,Dough,Powdered_sugar,?,?,?,?,?,?,?,?,?,?,?,?,?,?,Other_region
Piperade,Bell_pepper,Espelette_pepper,Onion,Tomato,?,?,?,?,?,?,?,?,?,?,?,?,Other_region
Savoury_pattie,Onion,Salvia_officinalis,Mashed_potato,?,?,?,?,?,?,?,?,?,?,?,?,?,Other_region
Baobing,Shaved_ice,?,?,?,?,?,?,?,?,?,?,?,?,?,?,?,Other_region
Happy_Faces,Cream,Shortcake,Fruit_preserves,?,?,?,?,?,?,?,?,?,?,?,?,?,Other_region
Bakarkhani,Dough,Ghee,?,?,?,?,?,?,?,?,?,?,?,?,?,?,Other_region
Kaiserschmarrn,Butter,Flour,Milk,Sugar,Egg_(food),?,?,?,?,?,?,?,?,?,?,?,Other_region
Tandoor_bread,Flour,?,?,?,?,?,?,?,?,?,?,?,?,?,?,?,Other_region
Eves_pudding,Sponge_cake,Apple,?,?,?,?,?,?,?,?,?,?,?,?,?,?,Other_region
Pisto,Capsicum,Zucchini,Olive_oil,Onion,Tomato,Eggplant,?,?,?,?,?,?,?,?,?,?,Other_region
Dum_Aloo,Potato,?,?,?,?,?,?,?,?,?,?,?,?,?,?,?,Other_region
Kelewele,Cooking_plantain,Spice,?,?,?,?,?,?,?,?,?,?,?,?,?,?,Other_region
XO_sauce,Canola,Chili_pepper,Conpoy,Garlic,Dried_shrimp,Jinhua_ham,?,?,?,?,?,?,?,?,?,?,Other_region
Malasada,Sugar,Dough,?,?,?,?,?,?,?,?,?,?,?,?,?,?,Other_region
Fregula,Semolina,?,?,?,?,?,?,?,?,?,?,?,?,?,?,?,Other_region
Coconut_rice,Coconut,Rice,?,?,?,?,?,?,?,?,?,?,?,?,?,?,Other_region
Nasi_tim,Meat,Rice,?,?,?,?,?,?,?,?,?,?,?,?,?,?,Other_region
Scone,Wheat,Barley,Oatmeal,?,?,?,?,?,?,?,?,?,?,?,?,?,Other_region
Stoemp,Potato,Vegetable,?,?,?,?,?,?,?,?,?,?,?,?,?,?,Other_region
Hamburger,Bread,Meat,?,?,?,?,?,?,?,?,?,?,?,?,?,?,Other_region
Heong_Peng,Malt,Shallot,Sesame,?,?,?,?,?,?,?,?,?,?,?,?,?,Other_region
Kheer,Cardamom,Milk,Rice,Almond,Pistachio,Saffron,?,?,?,?,?,?,?,?,?,?,Other_region
Ajvar,Capsicum,Chili_pepper,Garlic,Eggplant,?,?,?,?,?,?,?,?,?,?,?,?,Other_region
Bebinca,Flour,Sugar,Coconut_milk,Ghee,?,?,?,?,?,?,?,?,?,?,?,?,Other_region
Crostino,Bread,?,?,?,?,?,?,?,?,?,?,?,?,?,?,?,Other_region
Tufahije,Sugar,Walnut,Apple,?,?,?,?,?,?,?,?,?,?,?,?,?,Other_region
Mitraillette,French_fries,Bread,Meat,?,?,?,?,?,?,?,?,?,?,?,?,?,Other_region
Blodpalt,Flour,Pig,Reindeer,?,?,?,?,?,?,?,?,?,?,?,?,?,Other_region
Munini-imo,Potato_starch,?,?,?,?,?,?,?,?,?,?,?,?,?,?,?,Other_region
Mlinci,Flour,?,?,?,?,?,?,?,?,?,?,?,?,?,?,?,Other_region
Zwieback,Flour,Sugar,Egg_(food),?,?,?,?,?,?,?,?,?,?,?,?,?,Other_region
Encebollado,Cassava,Tuna,Albacore,Red_onion,Billfish,?,?,?,?,?,?,?,?,?,?,?,Other_region
Dahi_machha,Yogurt,Spice,Fish,?,?,?,?,?,?,?,?,?,?,?,?,?,Other_region
Kitcha,Flour,Water,Salt,?,?,?,?,?,?,?,?,?,?,?,?,?,Other_region
Kokis,Rice_flour,Coconut_milk,?,?,?,?,?,?,?,?,?,?,?,?,?,?,Other_region
Geplak,Coconut,Sugar,Food_coloring,?,?,?,?,?,?,?,?,?,?,?,?,?,Other_region
Tofu_skin_roll,Vegetable,Tofu,?,?,?,?,?,?,?,?,?,?,?,?,?,?,Other_region
Syrniki,Flour,Sugar,Raisin,Quark_(dairy_product),Egg_(food),Vanilla_extract,?,?,?,?,?,?,?,?,?,?,Other_region
Chal,Camel_milk,?,?,?,?,?,?,?,?,?,?,?,?,?,?,?,Other_region
Reibekuchen,Potato,?,?,?,?,?,?,?,?,?,?,?,?,?,?,?,Other_region
Pla_ra,Fish_sauce,?,?,?,?,?,?,?,?,?,?,?,?,?,?,?,Other_region
Khichra,Meat,Spice,Lentil,?,?,?,?,?,?,?,?,?,?,?,?,?,Other_region
Pontefract_cake,Liquorice,?,?,?,?,?,?,?,?,?,?,?,?,?,?,?,Other_region
Black_sesame_rice_cake,Sesame,White_rice,?,?,?,?,?,?,?,?,?,?,?,?,?,?,Other_region
Kuy_teav,Stock_(food),Rice_noodles,?,?,?,?,?,?,?,?,?,?,?,?,?,?,Other_region
Kodi_Gudla_Pulusu,Tamarind,Boiled_egg,?,?,?,?,?,?,?,?,?,?,?,?,?,?,Other_region
Waterblommetjiebredie,Meat,Aponogeton_distachyos,?,?,?,?,?,?,?,?,?,?,?,?,?,?,Other_region
Cha_siu_bao,Pork,?,?,?,?,?,?,?,?,?,?,?,?,?,?,?,Other_region
Pathiri,Rice_flour,?,?,?,?,?,?,?,?,?,?,?,?,?,?,?,Other_region
Arrabbiata_sauce,Chili_pepper,Olive_oil,Garlic,Tomato,?,?,?,?,?,?,?,?,?,?,?,?,Other_region
Syrniki,Flour,Sugar,Raisin,Quark_(dairy_product),Egg_(food),Vanilla_extract,?,?,?,?,?,?,?,?,?,?,Other_region
Char_siu,Soy_sauce,Sherry,Five-spice_powder,Honey,Pork,Hoisin_sauce,Huangjiu,Fermented_bean_curd,?,?,?,?,?,?,?,?,Other_region
Mont_di,Daggertooth_pike_conger,Cymbopogon,Ngapi,?,?,?,?,?,?,?,?,?,?,?,?,?,Other_region
Stip_(dish),Bacon,Syrup,Buckwheat,?,?,?,?,?,?,?,?,?,?,?,?,?,Other_region
Kig_ha_farz,Meat,Pudding,Broth,?,?,?,?,?,?,?,?,?,?,?,?,?,Other_region
Food,ingr1,ingr2,ingr3,ingr4,ingr5,ingr6,ingr7,ingr8,ingr9,ingr10,ingr11,ingr12,ingr13,ingr14,ingr15,ingr16,Origin
Klepon,Coconut,Palm_sugar,Rice_cake,?,?,?,?,?,?,?,?,?,?,?,?,?,Other_region
Confiture_de_lait,Milk,Sugar,?,?,?,?,?,?,?,?,?,?,?,?,?,?,Other_region
Fettuccine,Flour,Egg_(food),?,?,?,?,?,?,?,?,?,?,?,?,?,?,Other_region
Ragi_rotti,Eleusine_coracana,Water,?,?,?,?,?,?,?,?,?,?,?,?,?,?,Other_region
Biryani,Meat,Rice,Dried_fruit,List_of_Indian_spices,Egg_(food),Vegetable,Curd,?,?,?,?,?,?,?,?,?,Other_region
Coq_au_vin,Wine,Garlic,Chicken_(food),Edible_mushroom,Lardon,?,?,?,?,?,?,?,?,?,?,?,Other_region
Bavarian_cream,Custard,Gelatin,?,?,?,?,?,?,?,?,?,?,?,?,?,?,Other_region
Moussaka,Meat,Potato,Eggplant,?,?,?,?,?,?,?,?,?,?,?,?,?,Other_region
Rasam,Lentil,Tamarind,?,?,?,?,?,?,?,?,?,?,?,?,?,?,Other_region
Maachha_Bihana,Spice,Fish,Gram_dal,?,?,?,?,?,?,?,?,?,?,?,?,?,Other_region
Empire_biscuit,Icing_(food),Fruit_preserves,Candied_fruit,?,?,?,?,?,?,?,?,?,?,?,?,?,Other_region
Hobnob_biscuit,Rolled_oats,?,?,?,?,?,?,?,?,?,?,?,?,?,?,?,Other_region
Bubble_and_squeak,Potato,Brussels_sprout,Vegetable,?,?,?,?,?,?,?,?,?,?,?,?,?,Other_region
Wat_(food),Beef,Meat,Spice,Lamb_and_mutton,Vegetable,Niter_kibbeh,?,?,?,?,?,?,?,?,?,?,Other_region
Indian_omelette,Chili_pepper,Onion,Tomato,Egg_(food),?,?,?,?,?,?,?,?,?,?,?,?,Other_region
Chai_tow_kway,Daikon,Rice_flour,?,?,?,?,?,?,?,?,?,?,?,?,?,?,Other_region
Sheermal,Milk,Maida_flour,Saffron,Ghee,?,?,?,?,?,?,?,?,?,?,?,?,Other_region
Buchteln,Poppy_seed,Fruit_preserves,Bakers_yeast,Curd,?,?,?,?,?,?,?,?,?,?,?,?,Other_region
Rose_hip_soup,Rose_hip,?,?,?,?,?,?,?,?,?,?,?,?,?,?,?,Other_region
Khichra,Meat,Spice,Lentil,?,?,?,?,?,?,?,?,?,?,?,?,?,Other_region
Gulab_jamun,Saffron,Khoa,?,?,?,?,?,?,?,?,?,?,?,?,?,?,Other_region
Basundi,Cardamom,Milk,Sugar,Saffron,?,?,?,?,?,?,?,?,?,?,?,?,Other_region
Lontong,Banana_leaf,?,?,?,?,?,?,?,?,?,?,?,?,?,?,?,Other_region
Eccles_cake,Butter,Zante_currant,Flaky_pastry,?,?,?,?,?,?,?,?,?,?,?,?,?,Other_region
Schupfnudel,Potato,Rye,Egg_(food),Wheat_flour,?,?,?,?,?,?,?,?,?,?,?,?,Other_region
Dariole,Puff_pastry,Almond,?,?,?,?,?,?,?,?,?,?,?,?,?,?,Other_region
Hornazo,Flour,Chorizo,Pork,Boiled_egg,?,?,?,?,?,?,?,?,?,?,?,?,Other_region
Mornay_sauce,Parmigiano-Reggiano,Béchamel_sauce,Gruyère_cheese,?,?,?,?,?,?,?,?,?,?,?,?,?,Other_region
Neer_dosa,Rice_flour,?,?,?,?,?,?,?,?,?,?,?,?,?,?,?,Other_region
Lohikeitto,Salmon,Potato,Leek,?,?,?,?,?,?,?,?,?,?,?,?,?,Other_region
Colcannon,Cabbage,Kale,Mashed_potato,?,?,?,?,?,?,?,?,?,?,?,?,?,Other_region
Chingudi_Jhola,Mustard_oil,Garam_masala,Prawn,?,?,?,?,?,?,?,?,?,?,?,?,?,Other_region
Sel_roti,Butter,Cardamom,Clove,Milk,Sugar,Rice_flour,?,?,?,?,?,?,?,?,?,?,Other_region
Puri_(food),Atta_flour,?,?,?,?,?,?,?,?,?,?,?,?,?,?,?,Other_region
Shankarpali,Milk,Sugar,Semolina,Maida_flour,Ghee,?,?,?,?,?,?,?,?,?,?,?,Other_region
Rabri,Yogurt,?,?,?,?,?,?,?,?,?,?,?,?,?,?,?,Other_region
Broa,Wheat,Rye,Bakers_yeast,Cornmeal,?,?,?,?,?,?,?,?,?,?,?,?,Other_region
Pinca,Flour,Raisin,Zest_(ingredient),Bakers_yeast,?,?,?,?,?,?,?,?,?,?,?,?,Other_region
Bath_Oliver,Butter,Flour,Milk,Bakers_yeast,?,?,?,?,?,?,?,?,?,?,?,?,Other_region
Neapolitan_wafer,Hazelnut,?,?,?,?,?,?,?,?,?,?,?,?,?,?,?,Other_region
Piaya_(food),Flour,Muscovado,?,?,?,?,?,?,?,?,?,?,?,?,?,?,Other_region
Moussaka,Meat,Potato,Eggplant,?,?,?,?,?,?,?,?,?,?,?,?,?,Other_region
Sobrassada,Pork,?,?,?,?,?,?,?,?,?,?,?,?,?,?,?,Other_region
Ziva_(dish),Puff_pastry,?,?,?,?,?,?,?,?,?,?,?,?,?,?,?,Other_region
Frittole_(doughnut),Raisin,Dough,Zest_(ingredient),?,?,?,?,?,?,?,?,?,?,?,?,?,Other_region
Pandesal,Flour,Sugar,Egg_(food),Bakers_yeast,?,?,?,?,?,?,?,?,?,?,?,?,Other_region
Cozonac,Butter,Milk,Sugar,Vanilla,Raisin,Hazelnut,Turkish_delight,Egg_(food),Walnut,Zest_(ingredient),Rum,Wheat_flour,?,?,?,?,Other_region
Passatelli,Nutmeg,Parmesan,Egg_(food),Bread_crumbs,Lemon,?,?,?,?,?,?,?,?,?,?,?,Other_region
Sweet_potato_soup,Ginger,Sweet_potato,Rock_candy,?,?,?,?,?,?,?,?,?,?,?,?,?,Other_region
Stewler,Milk,?,?,?,?,?,?,?,?,?,?,?,?,?,?,?,Other_region
Pamirdin,Carrot,Onion,Lamb_and_mutton,?,?,?,?,?,?,?,?,?,?,?,?,?,Other_region
Cart_noodle,Flour,Egg_(food),?,?,?,?,?,?,?,?,?,?,?,?,?,?,Other_region
Wasanbon,Sugarcane,?,?,?,?,?,?,?,?,?,?,?,?,?,?,?,Other_region
Rock_(confectionery),Flavor,Spearmint,Sugar,?,?,?,?,?,?,?,?,?,?,?,?,?,Other_region
Bouillon_(broth),Shrimp,Beef,Poultry,Veal,Herb,Vegetable,Mirepoix_(cuisine),?,?,?,?,?,?,?,?,?,Other_region
Shiro_(food),Chickpea,Garlic,Onion,Vicia_faba,?,?,?,?,?,?,?,?,?,?,?,?,Other_region
Deuk_Deuk_Tong,Ginger,Maltose,Sesame,?,?,?,?,?,?,?,?,?,?,?,?,?,Other_region
Velhote,Cinnamon,Flour,Sugar,Egg_(food),?,?,?,?,?,?,?,?,?,?,?,?,Other_region
Arctic_roll,Ice_cream,Sponge_cake,?,?,?,?,?,?,?,?,?,?,?,?,?,?,Other_region
Puri_(food),Atta_flour,?,?,?,?,?,?,?,?,?,?,?,?,?,?,?,Other_region
Pignolo_(macaroon),Pine_nut,Almond_paste,?,?,?,?,?,?,?,?,?,?,?,?,?,?,Other_region
Shumai,Shiitake,Shrimp,Ground_meat,Lye,?,?,?,?,?,?,?,?,?,?,?,?,Other_region
Almogrote,Capsicum,Cheese,Olive_oil,Garlic,?,?,?,?,?,?,?,?,?,?,?,?,Other_region
Barbajada,Chocolate,Cream,Milk,Sugar,Coffee,?,?,?,?,?,?,?,?,?,?,?,Other_region
Chhena_Jhili,Syrup,Cheese,?,?,?,?,?,?,?,?,?,?,?,?,?,?,Other_region
Champorado,Milk,Sugar,Cocoa_solids,Glutinous_rice,?,?,?,?,?,?,?,?,?,?,?,?,Other_region
Laba_congee,Rice,?,?,?,?,?,?,?,?,?,?,?,?,?,?,?,Other_region
Chotpoti,Chili_pepper,Chickpea,Onion,Potato,?,?,?,?,?,?,?,?,?,?,?,?,Other_region
Banbury_cake,Butter,Cinnamon,Puff_pastry,Zante_currant,Nutmeg,Zest_(ingredient),?,?,?,?,?,?,?,?,?,?,Other_region
Szaloncukor,Chocolate,Fondant_icing,?,?,?,?,?,?,?,?,?,?,?,?,?,?,Other_region
Balushahi,Clarified_butter,Sugar,Maida_flour,?,?,?,?,?,?,?,?,?,?,?,?,?,Other_region
Arroz_a_la_cubana,Fried_egg,Rice,Tomato_sauce,?,?,?,?,?,?,?,?,?,?,?,?,?,Other_region
Cream_stew,Cabbage,Roux,Meat,Carrot,Onion,Potato,Pork,Vegetable,?,?,?,?,?,?,?,?,Other_region
Poolaki,Sugar,Vinegar,Water,Cocoa_solids,Saffron,?,?,?,?,?,?,?,?,?,?,?,Other_region
Coda_alla_vaccinara,Oxtail,Carrot,Celery,?,?,?,?,?,?,?,?,?,?,?,?,?,Other_region
Istrian_stew,Bacon,Sauerkraut,Bean,Spare_ribs,Garlic,Potato,?,?,?,?,?,?,?,?,?,?,Other_region
Chickpea_noghl,Rose_water,Sugar,Water,Chickpea,?,?,?,?,?,?,?,?,?,?,?,?,Other_region
Khaja,Sugar,Wheat_flour,?,?,?,?,?,?,?,?,?,?,?,?,?,?,Other_region
Brudet,Fish,?,?,?,?,?,?,?,?,?,?,?,?,?,?,?,Other_region
Croustade,Puff_pastry,Flaky_pastry,?,?,?,?,?,?,?,?,?,?,?,?,?,?,Other_region
Panellets,Pine_nut,Marzipan,?,?,?,?,?,?,?,?,?,?,?,?,?,?,Other_region
Cow_Chocolate,Chocolate,?,?,?,?,?,?,?,?,?,?,?,?,?,?,?,Other_region
Hasenpfeffer,Wine,Onion,Hare,Rabbit,?,?,?,?,?,?,?,?,?,?,?,?,Other_region
Chasan_(pastry),Flour,Sesame_oil,?,?,?,?,?,?,?,?,?,?,?,?,?,?,Other_region
Kochi_(kuih),Glutinous_rice,?,?,?,?,?,?,?,?,?,?,?,?,?,?,?,Other_region
Sobao,Butter,Flour,Sugar,Anise,Salt,Egg_(food),Zest_(ingredient),Rum,Bakers_yeast,?,?,?,?,?,?,?,Other_region
Cream_cracker,Bakers_yeast,Wheat_flour,?,?,?,?,?,?,?,?,?,?,?,?,?,?,Other_region
Brown_Windsor_soup,Madeira_wine,Carrot,Parsnip,Bouquet_garni,Leek,Lamb_and_mutton,Steak,?,?,?,?,?,?,?,?,?,Other_region
Zhaliang,Youtiao,Rice_noodle_roll,?,?,?,?,?,?,?,?,?,?,?,?,?,?,Other_region
Skhug,Bell_pepper,Coriander,Garlic,?,?,?,?,?,?,?,?,?,?,?,?,?,Other_region
Allerheiligenstriezel,Butter,Flour,Milk,Raisin,Shortening,Egg_(food),Bakers_yeast,?,?,?,?,?,?,?,?,?,Other_region
Pancit_estacion,Annatto,Tinapa,Mung_bean,Kamias,?,?,?,?,?,?,?,?,?,?,?,?,Other_region
Zuccotto,Brandy,Cake,Ice_cream,?,?,?,?,?,?,?,?,?,?,?,?,?,Other_region
Baked_Alaska,Ice_cream,Christmas_pudding,Sponge_cake,Meringue,?,?,?,?,?,?,?,?,?,?,?,?,Other_region
Parfait,Syrup,Cream,Egg_(food),?,?,?,?,?,?,?,?,?,?,?,?,?,Other_region
Liquorice_allsorts,Coconut,Gelatin,Sugar,Anise,Liquorice,?,?,?,?,?,?,?,?,?,?,?,Other_region
Duck_blood_and_vermicelli_soup,Cellophane_noodles,Duck,?,?,?,?,?,?,?,?,?,?,?,?,?,?,Other_region
Akki_rotti,Water,Rice_flour,?,?,?,?,?,?,?,?,?,?,?,?,?,?,Other_region
Kapsalon,Gouda_cheese,Shawarma,French_fries,Doner_kebab,?,?,?,?,?,?,?,?,?,?,?,?,Other_region
Ngo_hiang,Five-spice_powder,?,?,?,?,?,?,?,?,?,?,?,?,?,?,?,Other_region
Tartiflette,Onion,Potato,Reblochon,Lardon,?,?,?,?,?,?,?,?,?,?,?,?,Other_region
Maja_blanca,Corn_starch,Coconut_milk,?,?,?,?,?,?,?,?,?,?,?,?,?,?,Other_region
Wonton_noodles,Flour,Shrimp,Pork,Egg_(food),?,?,?,?,?,?,?,?,?,?,?,?,Other_region
Panta_bhat,Rice,Water,?,?,?,?,?,?,?,?,?,?,?,?,?,?,Other_region
Kabsa,Cardamom,Cinnamon,Bay_leaf,Nutmeg,Saffron,Basmati,Dried_lime,?,?,?,?,?,?,?,?,?,Other_region
Reshteh_khoshkar,Cardamom,Cinnamon,Ginger,Spice,Sugar,Walnut,Riceflour,?,?,?,?,?,?,?,?,?,Other_region
Borscht,Cabbage,Carrot,Onion,Potato,Salt,Smetana_(dairy_product),Beta_vulgaris,?,?,?,?,?,?,?,?,?,Other_region
Khichdi,Rice,Spice,Lentil,?,?,?,?,?,?,?,?,?,?,?,?,?,Other_region
Soto_ayam,Turmeric,Chicken_(food),?,?,?,?,?,?,?,?,?,?,?,?,?,?,Other_region
Chairo,Beef,Wheat,Carrot,Onion,Potato,Chuño,?,?,?,?,?,?,?,?,?,?,Other_region
Panettone,Flour,Raisin,Candied_fruit,?,?,?,?,?,?,?,?,?,?,?,?,?,Other_region
Nuomici,Coconut,Glutinous_rice,?,?,?,?,?,?,?,?,?,?,?,?,?,?,Other_region
Butter_pie,Butter,Onion,Potato,?,?,?,?,?,?,?,?,?,?,?,?,?,Other_region
Mazurek_(cake),Icing_(food),Egg_(food),Nut_(fruit),Margarine,?,?,?,?,?,?,?,?,?,?,?,?,Other_region
Caldo_de_costilla,Beef,Water,Coriander,Garlic,Onion,Potato,?,?,?,?,?,?,?,?,?,?,Other_region
Popiah,Turnip,Chinese_sausage,Carrot,Lettuce,Bean_sprout,Egg_(food),Green_bean,Pachyrhizus_erosus,Tofu,?,?,?,?,?,?,?,Other_region
Kheer,Cardamom,Milk,Rice,Almond,Pistachio,Saffron,?,?,?,?,?,?,?,?,?,?,Other_region
Popiah,Turnip,Chinese_sausage,Carrot,Lettuce,Bean_sprout,Egg_(food),Green_bean,Pachyrhizus_erosus,Tofu,?,?,?,?,?,?,?,Other_region
Uszka,Dough,?,?,?,?,?,?,?,?,?,?,?,?,?,?,?,Other_region
Bakauke,Rice_flour,?,?,?,?,?,?,?,?,?,?,?,?,?,?,?,Other_region
Nai_lao,Rice_wine,Milk,Sugar,Raisin,Nut_(fruit),?,?,?,?,?,?,?,?,?,?,?,Other_region
Opor,Coconut_milk,?,?,?,?,?,?,?,?,?,?,?,?,?,?,?,Other_region
Tuile,Butter,Flour,Sugar,Almond,?,?,?,?,?,?,?,?,?,?,?,?,Other_region
Maghaz,Brain_(food),?,?,?,?,?,?,?,?,?,?,?,?,?,?,?,Other_region
Tarte_Tatin,Apple,?,?,?,?,?,?,?,?,?,?,?,?,?,?,?,Other_region
Amba_(condiment),Mango,?,?,?,?,?,?,?,?,?,?,?,?,?,?,?,Other_region
Tom_kha_kai,Galangal,Mushroom,Coconut_milk,Chicken_(food),Cymbopogon,Kaffir_lime,?,?,?,?,?,?,?,?,?,?,Other_region
Gulha,Flour,Tuna,?,?,?,?,?,?,?,?,?,?,?,?,?,?,Other_region
Schneeball_(pastry),Butter,Flour,Shortcrust_pastry,Cream,Sugar,Egg_(food),Schnapps,?,?,?,?,?,?,?,?,?,Other_region
Flapjack_(oat_bar),Butter,Rolled_oats,Golden_syrup,Brown_sugar,?,?,?,?,?,?,?,?,?,?,?,?,Other_region
Zongzi,Bamboo,Reed_(plant),Glutinous_rice,?,?,?,?,?,?,?,?,?,?,?,?,?,Other_region
Kifli,Wheat_flour,?,?,?,?,?,?,?,?,?,?,?,?,?,?,?,Other_region
Shekarpareh,Flour,Oil,?,?,?,?,?,?,?,?,?,?,?,?,?,?,Other_region
Bath_Oliver,Butter,Flour,Milk,Bakers_yeast,?,?,?,?,?,?,?,?,?,?,?,?,Other_region
Mi_krop,Rice_noodles,?,?,?,?,?,?,?,?,?,?,?,?,?,?,?,Other_region
Dahi_vada,Yogurt,Vada_(food),?,?,?,?,?,?,?,?,?,?,?,?,?,?,Other_region
Put_chai_ko,Sugar,?,?,?,?,?,?,?,?,?,?,?,?,?,?,?,Other_region
Miso_soup,Miso,Stock_(food),?,?,?,?,?,?,?,?,?,?,?,?,?,?,Other_region
Cakalang_fufu,Smoking_(cooking),?,?,?,?,?,?,?,?,?,?,?,?,?,?,?,Other_region
Rumbledethumps,Cabbage,Onion,Potato,?,?,?,?,?,?,?,?,?,?,?,?,?,Other_region
Changua,Scallion,Milk,Water,Egg_(food),?,?,?,?,?,?,?,?,?,?,?,?,Other_region
Youtiao,Dough,?,?,?,?,?,?,?,?,?,?,?,?,?,?,?,Other_region
Ras_malai,Cream,Sugar,Semolina,Paneer,?,?,?,?,?,?,?,?,?,?,?,?,Other_region
Sambal,Chili_pepper,Garlic,Shrimp_paste,?,?,?,?,?,?,?,?,?,?,?,?,?,Other_region
Aish_merahrah,Sourdough,Maize,Fenugreek,?,?,?,?,?,?,?,?,?,?,?,?,?,Other_region
Dango,Rice_flour,?,?,?,?,?,?,?,?,?,?,?,?,?,?,?,Other_region
Malawach,Puff_pastry,?,?,?,?,?,?,?,?,?,?,?,?,?,?,?,Other_region
Qutab,Beef,Leek,?,?,?,?,?,?,?,?,?,?,?,?,?,?,Other_region
Steak_frites,Potato,Steak,?,?,?,?,?,?,?,?,?,?,?,?,?,?,Other_region
Sachima,Butter,Flour,Rock_sugar,Rock_candy,?,?,?,?,?,?,?,?,?,?,?,?,Other_region
Coconut_bar,Corn_starch,Agar,Gelatin,Starch,Coconut_milk,?,?,?,?,?,?,?,?,?,?,?,Other_region
Curtido,Cabbage,Carrot,Onion,?,?,?,?,?,?,?,?,?,?,?,?,?,Other_region
Xuixo,Sugar,Crème_brûlée,?,?,?,?,?,?,?,?,?,?,?,?,?,?,Other_region
Mie_kangkung,Noodle,Soy_sauce,Mushroom,Bakso,Ipomoea_aquatica,?,?,?,?,?,?,?,?,?,?,?,Other_region
Maqluba,Tomato,?,?,?,?,?,?,?,?,?,?,?,?,?,?,?,Other_region
Quzi,Lamb_and_mutton,?,?,?,?,?,?,?,?,?,?,?,?,?,?,?,Other_region
Marie_biscuit,Sugar,Vanilla,Sunflower_oil,Vegetable_oil,Wheat_flour,?,?,?,?,?,?,?,?,?,?,?,Other_region
Manchester_tart,Coconut,Custard,Maraschino_cherry,Shortcrust_pastry,Fruit_preserves,?,?,?,?,?,?,?,?,?,?,?,Other_region
Fruit_Tingles,Sugar,?,?,?,?,?,?,?,?,?,?,?,?,?,?,?,Other_region
Garash_cake,Walnut,Egg_white,Powdered_sugar,?,?,?,?,?,?,?,?,?,?,?,?,?,Other_region
Pigeon_pie,Columbidae,?,?,?,?,?,?,?,?,?,?,?,?,?,?,?,Other_region
Chocolate_crackles,Desiccation,Rice_Krispies,?,?,?,?,?,?,?,?,?,?,?,?,?,?,Other_region
Banana_roll,Glutinous_rice,?,?,?,?,?,?,?,?,?,?,?,?,?,?,?,Other_region
Diyabath,Rice,Garlic,Onion,Coconut_milk,?,?,?,?,?,?,?,?,?,?,?,?,Other_region
National_loaf,Whole_grain,?,?,?,?,?,?,?,?,?,?,?,?,?,?,?,Other_region
Papadum,Chickpea,Lentil,Rice_flour,Vigna_mungo,?,?,?,?,?,?,?,?,?,?,?,?,Other_region
Mille-feuille,Custard,Puff_pastry,Powdered_sugar,?,?,?,?,?,?,?,?,?,?,?,?,?,Other_region
Kutti_pi,Fetus,?,?,?,?,?,?,?,?,?,?,?,?,?,?,?,Other_region
Mitarashi_dango,Soy_sauce,?,?,?,?,?,?,?,?,?,?,?,?,?,?,?,Other_region
Banana_leaf_rice,Curry,Rice,Banana_leaf,?,?,?,?,?,?,?,?,?,?,?,?,?,Other_region
Skilpadjies,Worcestershire_sauce,Coriander,Caul_fat,Salt,?,?,?,?,?,?,?,?,?,?,?,?,Other_region
Baingan_bharta,Eggplant,?,?,?,?,?,?,?,?,?,?,?,?,?,?,?,Other_region
Tandoor_bread,Flour,?,?,?,?,?,?,?,?,?,?,?,?,?,?,?,Other_region
Sardenara,Flour,Milk,Olive_oil,Garlic,Onion,Oregano,Tomato,Caper,?,?,?,?,?,?,?,?,Other_region
Bara_brith,Zante_currant,Raisin,Bakers_yeast,Candied_fruit,?,?,?,?,?,?,?,?,?,?,?,?,Other_region
Goulash,Noodle,Meat,Spice,Paprika,Vegetable,?,?,?,?,?,?,?,?,?,?,?,Other_region
Tenshindon,Rice,Egg_(food),Crab_meat,?,?,?,?,?,?,?,?,?,?,?,?,?,Other_region
Linongot,Tapioca,Sweet_potato,?,?,?,?,?,?,?,?,?,?,?,?,?,?,Other_region
Butter_pie,Butter,Onion,Potato,?,?,?,?,?,?,?,?,?,?,?,?,?,Other_region
Rustico_(gastronomy),Puff_pastry,Béchamel_sauce,?,?,?,?,?,?,?,?,?,?,?,?,?,?,Other_region
Gobstopper,Flavor,Sugar,Food_coloring,?,?,?,?,?,?,?,?,?,?,?,?,?,Other_region
Kedjenou,Guineafowl,Chicken_(food),?,?,?,?,?,?,?,?,?,?,?,?,?,?,Other_region
Gugelhupf,Kirsch,Bakers_yeast,Almond,?,?,?,?,?,?,?,?,?,?,?,?,?,Other_region
Biryani,Meat,Rice,Dried_fruit,List_of_Indian_spices,Egg_(food),Vegetable,Curd,?,?,?,?,?,?,?,?,?,Other_region
Mesclun,Eruca_sativa,Chervil,Chives,Endive,Lettuce,?,?,?,?,?,?,?,?,?,?,?,Other_region
Oscypek,Smoked_cheese,Sheep_milk,Salt,?,?,?,?,?,?,?,?,?,?,?,?,?,Other_region
Cucumber_soup,Cucumber,Pickled_cucumber,?,?,?,?,?,?,?,?,?,?,?,?,?,?,Other_region
Tapenade,Anchovy,Olive_oil,Caper,Olive,?,?,?,?,?,?,?,?,?,?,?,?,Other_region
Vada_pav,Chili_pepper,Ginger,?,?,?,?,?,?,?,?,?,?,?,?,?,?,Other_region
Hainanese_chicken_rice,Chicken,?,?,?,?,?,?,?,?,?,?,?,?,?,?,?,Other_region
Bourbon_biscuit,Types_of_chocolate,Buttercream,?,?,?,?,?,?,?,?,?,?,?,?,?,?,Other_region
Soup_Number_Five,Bull,?,?,?,?,?,?,?,?,?,?,?,?,?,?,?,Other_region
Roze_koek,Cake,Fondant_icing,?,?,?,?,?,?,?,?,?,?,?,?,?,?,Other_region
Fish_soup_bee_hoon,Mackerel,Rice_vermicelli,Pomfret,Milk,Yam_(vegetable),Fish_as_food,?,?,?,?,?,?,?,?,?,?,Other_region
Cocada_amarela,Coconut,Egg_(food),?,?,?,?,?,?,?,?,?,?,?,?,?,?,Other_region
Hujiao_bing,Soy_sauce,Scallion,Sugar,Black_pepper,?,?,?,?,?,?,?,?,?,?,?,?,Other_region
Cantonese_seafood_soup,Seafood,?,?,?,?,?,?,?,?,?,?,?,?,?,?,?,Other_region
Claypot_chicken_rice,Chinese_sausage,Chicken,Rice,?,?,?,?,?,?,?,?,?,?,?,?,?,Other_region
Sliced_fish_soup,Fish,Vegetable,Prawn,?,?,?,?,?,?,?,?,?,?,?,?,?,Other_region
Jelurut,Rice_flour,Coconut_milk,?,?,?,?,?,?,?,?,?,?,?,?,?,?,Other_region
Nadur_Monji,Nelumbo_nucifera,?,?,?,?,?,?,?,?,?,?,?,?,?,?,?,Other_region
Otap_(food),Coconut,Flour,Sugar,Shortening,?,?,?,?,?,?,?,?,?,?,?,?,Other_region
Pommes_dauphine,Choux_pastry,Mashed_potato,?,?,?,?,?,?,?,?,?,?,?,?,?,?,Other_region
Es_doger,Jackfruit,Avocado,?,?,?,?,?,?,?,?,?,?,?,?,?,?,Other_region
Summer_pudding,Fruit,Bread,Juice,?,?,?,?,?,?,?,?,?,?,?,?,?,Other_region
Mixian_(noodle),Rice,?,?,?,?,?,?,?,?,?,?,?,?,?,?,?,Other_region
Batata_vada,Potato,?,?,?,?,?,?,?,?,?,?,?,?,?,?,?,Other_region
Massaman_curry,Cardamom,Cashew,Chili_pepper,Cinnamon,Fish_sauce,Bay_leaf,Meat,Onion,Potato,Tamarind,Coconut_milk,Chicken_(food),Duck_(food),Illicium_verum,Peanut,Tofu,Palm_sugar,Other_region
Ontbijtkoek,Cinnamon,Clove,Ginger,Nutmeg,Rye,Succade,?,?,?,?,?,?,?,?,?,?,Other_region
Sabich_salad,Tahini,Israeli_salad,Amba_(condiment),Eggplant,?,?,?,?,?,?,?,?,?,?,?,?,Other_region
Bhajji,Gram_flour,?,?,?,?,?,?,?,?,?,?,?,?,?,?,?,Other_region
Jelurut,Rice_flour,Coconut_milk,?,?,?,?,?,?,?,?,?,?,?,?,?,?,Other_region
Penne_alla_vodka,Cream,Vodka,Onion,Tomato,Penne,?,?,?,?,?,?,?,?,?,?,?,Other_region
Cameo_Creme,Coconut,Flour,Sugar,Cocoa_solids,?,?,?,?,?,?,?,?,?,?,?,?,Other_region
Imoni,Meat,Potato,?,?,?,?,?,?,?,?,?,?,?,?,?,?,Other_region
Kulajda,Mushroom,Quail,Dill,Potato,Sour_cream,?,?,?,?,?,?,?,?,?,?,?,Other_region
Crumble,Butter,Flour,Fruit,Cheese,Meat,Sugar,Vegetable,?,?,?,?,?,?,?,?,?,Other_region
Kichel,Sugar,Egg_(food),?,?,?,?,?,?,?,?,?,?,?,?,?,?,Other_region
Gravlax,Salmon,Sugar,Dill,Salt,?,?,?,?,?,?,?,?,?,?,?,?,Other_region
Qeema,Meat,Pea,Potato,?,?,?,?,?,?,?,?,?,?,?,?,?,Other_region
Cascaron,Coconut,Sugar,Rice_flour,?,?,?,?,?,?,?,?,?,?,?,?,?,Other_region
Moin_moin,Onion,Black-eyed_pea_or_Beans,?,?,?,?,?,?,?,?,?,?,?,?,?,?,Other_region
Nasi_goreng,Fried_rice,?,?,?,?,?,?,?,?,?,?,?,?,?,?,?,Other_region
Persipan,Sugar,Apricot,Peach,?,?,?,?,?,?,?,?,?,?,?,?,?,Other_region
Vol-au-vent,Puff_pastry,?,?,?,?,?,?,?,?,?,?,?,?,?,?,?,Other_region
Sohan_Halwa,Milk,Sugar,Water,Cornmeal,?,?,?,?,?,?,?,?,?,?,?,?,Other_region
Taiyaki,Adzuki_bean,Batter_(cooking),?,?,?,?,?,?,?,?,?,?,?,?,?,?,Other_region
Pain_au_chocolat,Chocolate,Bakers_yeast,?,?,?,?,?,?,?,?,?,?,?,?,?,?,Other_region
Polenta,Water,Stock_(food),Cornmeal,?,?,?,?,?,?,?,?,?,?,?,?,?,Other_region
Maultasche,Onion,Spinach,Ground_meat,Smoked_meat,Bread_crumbs,?,?,?,?,?,?,?,?,?,?,?,Other_region
Ras_malai,Cream,Sugar,Semolina,Paneer,?,?,?,?,?,?,?,?,?,?,?,?,Other_region
Tortell,Marzipan,?,?,?,?,?,?,?,?,?,?,?,?,?,?,?,Other_region
Ossobuco,Veal,?,?,?,?,?,?,?,?,?,?,?,?,?,?,?,Other_region
Chanpuru,Vegetable,Tofu,?,?,?,?,?,?,?,?,?,?,?,?,?,?,Other_region
Pasta_alla_Norma,Basil,Tomato,Ricotta,Eggplant,?,?,?,?,?,?,?,?,?,?,?,?,Other_region
Bremer_Klaben,Butter,Flour,Sugar,Dried_fruit,Zest_(ingredient),Rum,Bakers_yeast,Almond,?,?,?,?,?,?,?,?,Other_region
Sohan_papdi,Cardamom,Flour,Gram_flour,Milk,Sugar,Ghee,?,?,?,?,?,?,?,?,?,?,Other_region
Raita,Yogurt,Mentha,Cucumber,?,?,?,?,?,?,?,?,?,?,?,?,?,Other_region
Yemas_de_Santa_Teresa,Cinnamon,Syrup,Lemon,Yolk,?,?,?,?,?,?,?,?,?,?,?,?,Other_region
Figgy_pudding,Ficus,?,?,?,?,?,?,?,?,?,?,?,?,?,?,?,Other_region
Phat_phrik_khing,Chili_pepper,Galangal,Garlic,Cymbopogon,?,?,?,?,?,?,?,?,?,?,?,?,Other_region
Empanada,Pastry,Stuffing,?,?,?,?,?,?,?,?,?,?,?,?,?,?,Other_region
Kroppkaka,Bacon,Onion,Potato,Pork,?,?,?,?,?,?,?,?,?,?,?,?,Other_region
Covrigi,Flour,Water,Poppy_seed,Sesame,?,?,?,?,?,?,?,?,?,?,?,?,Other_region
Vark,Gold,Silver,?,?,?,?,?,?,?,?,?,?,?,?,?,?,Other_region
Korma,Yogurt,Cream,?,?,?,?,?,?,?,?,?,?,?,?,?,?,Other_region
Scallion_pancake,Scallion,Dough,?,?,?,?,?,?,?,?,?,?,?,?,?,?,Other_region
Thekua,Cardamom,Syrup,Jaggery,Ghee,Wheat_flour,?,?,?,?,?,?,?,?,?,?,?,Other_region
Nokul,Feta,Poppy_seed,Walnut,?,?,?,?,?,?,?,?,?,?,?,?,?,Other_region
Frankfurter_Rindswurst,Beef,?,?,?,?,?,?,?,?,?,?,?,?,?,?,?,Other_region
Asocena,Dog_meat,?,?,?,?,?,?,?,?,?,?,?,?,?,?,?,Other_region
Ngome_(bread),Millet,Water,Vegetable_oil,?,?,?,?,?,?,?,?,?,?,?,?,?,Other_region
Kueh_tutu,Coconut,Sugar,Rice_flour,Glutinous_rice,Peanut,?,?,?,?,?,?,?,?,?,?,?,Other_region
Brunswick_stew,Meat,Maize,Okra,Tomato,Phaseolus_lunatus,Vegetable,?,?,?,?,?,?,?,?,?,?,Other_region
Rillettes,Goose,Fat,Chicken,Duck,Pork,Salt,Game_(hunting),Rabbit,?,?,?,?,?,?,?,?,Other_region
Curry_puff,Curry,Potato,Chicken_(food),?,?,?,?,?,?,?,?,?,?,?,?,?,Other_region
Berner_Honiglebkuchen,Flour,Honey,Milk,Icing_(food),Margarine,Potassium_carbonate,?,?,?,?,?,?,?,?,?,?,Other_region
Mustacciuoli,Clove,Flour,Chocolate,Olive_oil,Sugar,Coffee,Almond,?,?,?,?,?,?,?,?,?,Other_region
Gaisburger_Marsch,Meat,Potato,Broth,Spätzle,?,?,?,?,?,?,?,?,?,?,?,?,Other_region
Zuppa_Inglese,Custard,Alchermes,Ladyfinger_(biscuit),Sponge_cake,?,?,?,?,?,?,?,?,?,?,?,?,Other_region
Haleem,Meat,Wheat,Barley,Lentil,?,?,?,?,?,?,?,?,?,?,?,?,Other_region
Fruit_hat_(pudding),Butter,Flour,Suet,Fruit,?,?,?,?,?,?,?,?,?,?,?,?,Other_region
Sachertorte,Chocolate,Types_of_chocolate,Apricot,?,?,?,?,?,?,?,?,?,?,?,?,?,Other_region
Htamin_jin,Tomato,Allium_tuberosum,?,?,?,?,?,?,?,?,?,?,?,?,?,?,Other_region
Abnabat,Seasoning,Sugar,?,?,?,?,?,?,?,?,?,?,?,?,?,?,Other_region
Shortbread,Butter,Sugar,?,?,?,?,?,?,?,?,?,?,?,?,?,?,Other_region
Sapit,Sucrose,Coconut_milk,Cooking_oil,Egg_(food),Wheat_flour,?,?,?,?,?,?,?,?,?,?,?,Other_region
Cucumber_sandwich,Butter,White_bread,Cucumber,?,?,?,?,?,?,?,?,?,?,?,?,?,Other_region
Ful_medames,Vegetable_oil,Cumin,Vicia_faba,?,?,?,?,?,?,?,?,?,?,?,?,?,Other_region
Fairy_bread,Butter,White_bread,Sprinkles,Margarine,Nonpareils,?,?,?,?,?,?,?,?,?,?,?,Other_region
Etli_ekmek,Meat,Dough,?,?,?,?,?,?,?,?,?,?,?,?,?,?,Other_region
Monaka,Mochi,Adzuki_bean,?,?,?,?,?,?,?,?,?,?,?,?,?,?,Other_region
Kluay_buad_chee,Coconut,Banana,Milk,Sugar,Salt,?,?,?,?,?,?,?,?,?,?,?,Other_region
Cassata,Marzipan,Chocolate,Liqueur,Vanilla,Icing_(food),Ricotta,Sponge_cake,Juice,Candied_fruit,?,?,?,?,?,?,?,Other_region
Heavy_cake,Butter,Flour,Milk,Sugar,Raisin,Lard,?,?,?,?,?,?,?,?,?,?,Other_region
Bamiyeh,Yogurt,Syrup,Starch,?,?,?,?,?,?,?,?,?,?,?,?,?,Other_region
Queen_of_Puddings,Butter,Milk,Sugar,Fruit_preserves,Egg_(food),Bread_crumbs,Zest_(ingredient),Meringue,Yolk,?,?,?,?,?,?,?,Other_region
Spumoni,Ice_cream,Nut_(fruit),Candied_fruit,?,?,?,?,?,?,?,?,?,?,?,?,?,Other_region
Sumaghiyyeh,Sumac,?,?,?,?,?,?,?,?,?,?,?,?,?,?,?,Other_region
Aloo_tikki,Onion,Potato,?,?,?,?,?,?,?,?,?,?,?,?,?,?,Other_region
Coleslaw,Cabbage,Mayonnaise,Vinegar,Vinaigrette,Vegetable_oil,?,?,?,?,?,?,?,?,?,?,?,Other_region
Ajdov_Kruh,Water,Buckwheat,Potato,?,?,?,?,?,?,?,?,?,?,?,?,?,Other_region
Zhaliang,Youtiao,Rice_noodle_roll,?,?,?,?,?,?,?,?,?,?,?,?,?,?,Other_region
Calfs_liver_and_bacon,Bacon,Liver_(food),?,?,?,?,?,?,?,?,?,?,?,?,?,?,Other_region
Ragda_pattice,Spice,Potato,Lathyrus_aphaca,?,?,?,?,?,?,?,?,?,?,?,?,?,Other_region
Sapit,Sucrose,Coconut_milk,Cooking_oil,Egg_(food),Wheat_flour,?,?,?,?,?,?,?,?,?,?,?,Other_region
Hochzeitssuppe,Noodle,Meatball,Poultry,Asparagus,Broth,Egg_(food),?,?,?,?,?,?,?,?,?,?,Other_region
Shortcake,Butter,Flour,Cream,Milk,Sugar,?,?,?,?,?,?,?,?,?,?,?,Other_region
Skirts_and_kidneys,Pork,?,?,?,?,?,?,?,?,?,?,?,?,?,?,?,Other_region
Malida,Butter,Milk,Ground_cardamom_seed,Semolina,Almond,Pistachio,Wheat_flour,Khoa,?,?,?,?,?,?,?,?,Other_region
Wafu_dressing,Rice_vinegar,Wa_(Japan),Vegetable_oil,?,?,?,?,?,?,?,?,?,?,?,?,?,Other_region
Krispie,Coconut,Flour,Sugar,?,?,?,?,?,?,?,?,?,?,?,?,?,Other_region
Date_and_walnut_loaf,Date_palm,Treacle,Walnut,?,?,?,?,?,?,?,?,?,?,?,?,?,Other_region
Neapolitan_ice_cream,Strawberry_ice_cream,Vanilla_ice_cream,Chocolate_ice_cream,?,?,?,?,?,?,?,?,?,?,?,?,?,Other_region
White_pudding,Pork,?,?,?,?,?,?,?,?,?,?,?,?,?,?,?,Other_region
Chutney,Garlic,Onion,?,?,?,?,?,?,?,?,?,?,?,?,?,?,Other_region
Satay,Skewer,?,?,?,?,?,?,?,?,?,?,?,?,?,?,?,Other_region
Zarda_(food),Cardamom,Rice,Raisin,Almond,Pistachio,Saffron,?,?,?,?,?,?,?,?,?,?,Other_region
Gugelhupf,Kirsch,Bakers_yeast,Almond,?,?,?,?,?,?,?,?,?,?,?,?,?,Other_region
Tiropita,Cheese,Filo,?,?,?,?,?,?,?,?,?,?,?,?,?,?,Other_region
Pottage,Meat,Fish,Food_grain,Vegetable,?,?,?,?,?,?,?,?,?,?,?,?,Other_region
Ham_salad,Mayonnaise,Salad,Ham,?,?,?,?,?,?,?,?,?,?,?,?,?,Other_region
Phoenicia_dessert,Orange_juice,Honey,Almond,?,?,?,?,?,?,?,?,?,?,?,?,?,Other_region
Cellophane_noodles,Canna_(plant),Cassava,Starch,Yam_(vegetable),Potato_starch,?,?,?,?,?,?,?,?,?,?,?,Other_region
